"last_name, first_name","player_id","team_name_alt","pitch_type","pitch_name","run_value_per_100","run_value","pitches","pitch_usage","pa","ba","slg","woba","whiff_percent","k_percent","put_away","est_ba","est_slg","est_woba","hard_hit_percent"
"Peralta, Freddy",642547,"MIL","FF","4-Seam Fastball",0,1,"1650",53.8,"405","0.239","0.424","0.338",25.2,26.9,19.1,"0.233","0.419","0.331",44.1
"Gore, MacKenzie",669022,"WSH","FF","4-Seam Fastball",-0.2,-3,"1658",55.4,"392","0.281","0.418","0.369",22.6,19.9,17.3,"0.274","0.424","0.349",40.6
"Gausman, Kevin",592332,"TOR","FF","4-Seam Fastball",0.2,3,"1486",50.2,"391","0.281","0.475","0.359",17.4,16.6,16.8,"0.289","0.539","0.384",51.4
"Greene, Hunter",668881,"CIN","FF","4-Seam Fastball",1.4,19,"1415",55.2,"358","0.184","0.273","0.266",24.9,28.5,20.6,"0.195","0.318","0.283",39.4
"Rodón, Carlos",607074,"NYY","FF","4-Seam Fastball",0.1,1,"1530",49.3,"354","0.262","0.514","0.369",21.4,17.2,15,"0.278","0.562","0.39",50.6
"Imanaga, Shota",684007,"CHC","FF","4-Seam Fastball",0.3,4,"1343",51.9,"353","0.23","0.471","0.325",17.7,18.7,17.9,"0.238","0.45","0.317",45.3
"Ragans, Cole",666142,"KC","FF","4-Seam Fastball",0.8,11,"1299",41.7,"342","0.21","0.349","0.3",23.2,26.3,22.3,"0.22","0.36","0.307",40.7
"Parker, Mitchell",680730,"WSH","FF","4-Seam Fastball",0.1,1,"1168",48.6,"333","0.276","0.425","0.338",12,14.7,15.7,"0.281","0.487","0.358",41.4
"Nelson, Ryne",669194,"AZ","FF","4-Seam Fastball",0.4,6,"1341",55.7,"328","0.249","0.418","0.32",19.5,28,19.8,"0.249","0.389","0.308",51.9
"Cease, Dylan",656302,"SD","FF","4-Seam Fastball",0.2,3,"1386",43.5,"324","0.232","0.387","0.342",20.3,19.8,17.2,"0.243","0.433","0.354",44
"Steele, Justin",657006,"CHC","FF","4-Seam Fastball",0.7,8,"1220",59.6,"323","0.25","0.392","0.333",22.4,22,24.3,"0.23","0.335","0.289",37.7
"Harrison, Kyle",690986,"SF","FF","4-Seam Fastball",-0.2,-3,"1197",57.6,"321","0.249","0.425","0.332",23,24.6,20.4,"0.24","0.424","0.327",49.5
"Heaney, Andrew",571760,"TEX","FF","4-Seam Fastball",-0.1,-1,"1397",51.2,"320","0.238","0.415","0.34",21.2,24.7,17.4,"0.237","0.427","0.33",44.7
"Abbott, Andrew",671096,"CIN","FF","4-Seam Fastball",-0.7,-8,"1249",53.5,"317","0.254","0.451","0.36",19.4,18.3,16.1,"0.266","0.463","0.367",43.2
"Gil, Luis",661563,"NYY","FF","4-Seam Fastball",-0.1,-1,"1298",48.7,"310","0.205","0.395","0.319",28.5,28.4,23.3,"0.21","0.37","0.316",42
"Kikuchi, Yusei",579328,"HOU","FF","4-Seam Fastball",-0.1,-2,"1374",47,"303","0.274","0.505","0.351",28,27.4,22,"0.252","0.463","0.325",49
"Castillo, Luis",622491,"SEA","FF","4-Seam Fastball",1,12,"1295",45.3,"301","0.204","0.365","0.279",27.3,31.2,20.8,"0.205","0.383","0.286",44
"Falter, Bailey",663559,"PIT","FF","4-Seam Fastball",0.2,2,"1009",47.2,"300","0.247","0.401","0.32",16.6,17,17.6,"0.247","0.405","0.316",32.7
"Crochet, Garrett",676979,"CWS","FF","4-Seam Fastball",1.7,21,"1286",53.7,"297","0.199","0.296","0.261",31.4,33.7,25.3,"0.202","0.328","0.273",39.9
"Eovaldi, Nathan",543135,"TEX","FF","4-Seam Fastball",0.5,5,"980",37.4,"294","0.212","0.335","0.287",17.8,22.1,17.1,"0.237","0.387","0.315",46.2
"Flaherty, Jack",656427,"LAD","FF","4-Seam Fastball",0.5,6,"1134",42.9,"293","0.245","0.401","0.311",23.9,28.7,25,"0.254","0.439","0.328",39.8
"Bibee, Tanner",676440,"CLE","FF","4-Seam Fastball",-0.7,-9,"1237",43.4,"292","0.282","0.476","0.364",21.3,19.2,16,"0.283","0.461","0.341",46.3
"Pivetta, Nick",601713,"BOS","FF","4-Seam Fastball",0.8,9,"1158",48.5,"292","0.239","0.399","0.307",21.9,27.7,21.3,"0.231","0.414","0.308",46.8
"Cortes, Nestor",641482,"NYY","FF","4-Seam Fastball",0.4,6,"1298",45.6,"290","0.231","0.429","0.309",21.8,25.5,18.3,"0.222","0.419","0.303",52
"Anderson, Tyler",542881,"LAA","FF","4-Seam Fastball",-1.1,-13,"1157",39.7,"289","0.272","0.494","0.376",18.3,15.2,15.1,"0.272","0.498","0.368",42.3
"Wheeler, Zack",554430,"PHI","FF","4-Seam Fastball",0.6,8,"1296",41.4,"287","0.21","0.397","0.318",29.6,28.2,20.7,"0.205","0.384","0.302",41.3
"López, Reynaldo",625643,"ATL","FF","4-Seam Fastball",1.3,16,"1164",55.2,"287","0.266","0.369","0.319",16.5,19.9,19.7,"0.263","0.409","0.334",47.7
"López, Pablo",641154,"MIN","FF","4-Seam Fastball",1.4,17,"1205",40.4,"287","0.211","0.356","0.284",25.9,25.8,19.6,"0.239","0.41","0.31",45.3
"Irvin, Jake",663623,"WSH","FF","4-Seam Fastball",0.1,1,"1148",37.7,"286","0.205","0.383","0.283",23.6,27.3,17.2,"0.216","0.405","0.294",44.7
"Sears, JP",676664,"OAK","FF","4-Seam Fastball",-0.8,-9,"1036",36.3,"285","0.23","0.476","0.35",25.6,28.4,18.8,"0.219","0.449","0.332",48.5
"Flexen, Chris",623167,"CWS","FF","4-Seam Fastball",-0.7,-8,"1039",37.1,"284","0.26","0.472","0.367",13.1,13.4,13.5,"0.259","0.504","0.371",48.1
"Gallen, Zac",668678,"AZ","FF","4-Seam Fastball",-0.6,-7,"1160",46.3,"276","0.282","0.462","0.371",13.1,19.2,18.7,"0.28","0.463","0.369",48.4
"Miller, Bryce",682243,"SEA","FF","4-Seam Fastball",1.7,19,"1156",42.1,"271","0.184","0.348","0.264",26.4,24.4,20,"0.224","0.463","0.323",45.1
"Kirby, George",669923,"SEA","FF","4-Seam Fastball",0.4,4,"1025",34.5,"271","0.23","0.467","0.31",29.1,30.6,21.2,"0.22","0.439","0.294",37.3
"Suárez, Albert",544150,"BAL","FF","4-Seam Fastball",0.1,1,"1116",50,"266","0.276","0.469","0.353",22.8,19.9,14.1,"0.249","0.425","0.325",45.2
"Ober, Bailey",641927,"MIN","FF","4-Seam Fastball",0,0,"1028",38.1,"262","0.258","0.506","0.355",22.2,22.1,19.7,"0.247","0.484","0.35",47.2
"Pepiot, Ryan",686752,"TB","FF","4-Seam Fastball",0.7,8,"1084",50.4,"262","0.181","0.33","0.29",31.4,29.4,21.2,"0.172","0.347","0.292",43.4
"Myers, Tobias",668964,"MIL","FF","4-Seam Fastball",0.2,2,"872",40.5,"261","0.236","0.43","0.331",19.2,24.9,21.9,"0.245","0.466","0.338",44.5
"Paxton, James",572020,"BOS","FF","4-Seam Fastball",-0.6,-6,"928",54.3,"260","0.265","0.433","0.363",14.9,13.1,12.5,"0.264","0.427","0.364",43.9
"Canning, Griffin",656288,"LAA","FF","4-Seam Fastball",-1.1,-12,"1073",37.4,"258","0.252","0.536","0.37",14.8,12.8,12,"0.271","0.522","0.376",44.1
"Feltner, Ryan",663372,"COL","FF","4-Seam Fastball",1,9,"924",35.8,"256","0.247","0.387","0.312",17.1,19.1,18.7,"0.264","0.428","0.329",41.2
"Ryan, Joe",657746,"MIN","FF","4-Seam Fastball",1.5,15,"1018",48.3,"254","0.193","0.378","0.275",27.4,31.5,23.4,"0.191","0.353","0.265",41.7
"Severino, Luis",622663,"NYM","FF","4-Seam Fastball",-0.2,-2,"1030",35.6,"253","0.247","0.395","0.322",21.8,24.5,17.2,"0.227","0.35","0.297",40.5
"Arrighetti, Spencer",681293,"HOU","FF","4-Seam Fastball",-0.8,-8,"1018",40.6,"250","0.302","0.516","0.393",19.9,21.2,17.3,"0.273","0.475","0.368",51.8
"Fried, Max",608331,"ATL","FF","4-Seam Fastball",0.5,4,"902",32.7,"250","0.265","0.346","0.338",18,14.8,17.1,"0.27","0.369","0.336",29.4
"Montas, Frankie",593423,"MIL","FF","4-Seam Fastball",0.1,1,"868",33,"248","0.208","0.37","0.307",22.9,29,18.7,"0.226","0.407","0.32",48.3
"Estes, Joey",683155,"OAK","FF","4-Seam Fastball",0,0,"1035",51.1,"247","0.26","0.475","0.342",17.7,13,10.6,"0.26","0.52","0.359",48.5
"Jones, Jared",683003,"PIT","FF","4-Seam Fastball",0.3,3,"941",49.2,"246","0.224","0.425","0.322",25.8,24,22.5,"0.238","0.438","0.339",46.5
"Gilbert, Logan",669302,"SEA","FF","4-Seam Fastball",1.3,12,"938",30.8,"246","0.204","0.383","0.279",19.3,17.5,22.1,"0.258","0.453","0.33",47.9
"Gomber, Austin",596295,"COL","FF","4-Seam Fastball",-1.3,-14,"1058",40.4,"244","0.308","0.602","0.413",9.6,11.1,11.9,"0.308","0.598","0.413",52.1
"Crawford, Kutter",676710,"BOS","FF","4-Seam Fastball",-0.4,-4,"952",33.7,"244","0.255","0.5","0.347",19.8,25.4,19.2,"0.24","0.48","0.337",50.9
"Glasnow, Tyler",607192,"LAD","FF","4-Seam Fastball",1.2,11,"909",45.2,"243","0.215","0.421","0.321",21.5,24.7,27.9,"0.204","0.37","0.297",41.9
"Pallante, Andre",669467,"STL","FF","4-Seam Fastball",1.3,13,"977",49.4,"243","0.227","0.295","0.308",16.5,9.5,12.2,"0.258","0.357","0.332",44.3
"Bradley, Taj",671737,"TB","FF","4-Seam Fastball",0,0,"957",41.7,"240","0.269","0.5","0.378",21,17.1,15.6,"0.274","0.55","0.394",48.8
"Brown, Hunter",686613,"HOU","FF","4-Seam Fastball",0.1,1,"1010",35,"236","0.249","0.423","0.339",29.4,35.6,23.3,"0.221","0.358","0.292",43.4
"Sale, Chris",519242,"ATL","FF","4-Seam Fastball",0.3,3,"1071",38,"235","0.272","0.423","0.333",23.8,32.8,21.9,"0.235","0.378","0.301",44.9
"Skubal, Tarik",669373,"DET","FF","4-Seam Fastball",2.1,19,"941",32.8,"233","0.197","0.286","0.25",27.7,32.2,24.5,"0.198","0.319","0.261",36.7
"Francis, Bowden",670102,"TOR","FF","4-Seam Fastball",1.9,15,"797",51.1,"231","0.174","0.371","0.271",18.5,20.3,19.6,"0.215","0.423","0.302",39.5
"Pfaadt, Brandon",694297,"AZ","FF","4-Seam Fastball",0.7,7,"933",33.4,"228","0.263","0.463","0.347",22.4,18.4,17.2,"0.278","0.51","0.37",48.8
"Manaea, Sean",640455,"NYM","FF","4-Seam Fastball",1.1,10,"931",31.1,"227","0.163","0.315","0.259",25.7,28.2,19.2,"0.214","0.384","0.299",38.6
"Woods Richardson, Simeon",680573,"MIN","FF","4-Seam Fastball",0.8,8,"924",40.3,"224","0.258","0.356","0.32",21.9,22.3,18.4,"0.229","0.394","0.319",41.8
"Rodriguez, Grayson",680570,"BAL","FF","4-Seam Fastball",-0.1,-1,"896",47.7,"220","0.287","0.41","0.352",27,24.1,19.1,"0.241","0.387","0.318",40.8
"Blanco, Ronel",669854,"HOU","FF","4-Seam Fastball",-0.4,-4,"1055",38.3,"219","0.232","0.497","0.371",19.2,16.9,14.8,"0.269","0.57","0.408",45.9
"Lynn, Lance",458681,"STL","FF","4-Seam Fastball",0.9,8,"964",47.3,"217","0.196","0.392","0.28",28.7,28.1,22.3,"0.238","0.486","0.327",48.6
"Verlander, Justin",434378,"HOU","FF","4-Seam Fastball",-0.6,-5,"763",48.3,"211","0.297","0.497","0.371",20.4,17.5,18.6,"0.238","0.423","0.321",40.8
"Skenes, Paul",694973,"PIT","FF","4-Seam Fastball",0.8,7,"834",39.2,"210","0.23","0.351","0.292",24.2,37.6,21.8,"0.201","0.331","0.269",48.7
"Kopech, Michael",656629,"LAD","FF","4-Seam Fastball",0.6,5,"896",78.4,"209","0.183","0.326","0.291",34,34,26.7,"0.184","0.333","0.289",42.1
"Woo, Bryan",693433,"SEA","FF","4-Seam Fastball",1.6,14,"837",48.8,"207","0.214","0.352","0.26",27.5,26.1,18.6,"0.224","0.372","0.275",38.2
"Smith, Cade",671922,"CLE","FF","4-Seam Fastball",3,24,"806",69.1,"203","0.174","0.253","0.215",30.4,39.9,31.4,"0.191","0.311","0.247",46.4
"Vodnik, Victor",680767,"COL","FF","4-Seam Fastball",-0.5,-4,"848",63.2,"203","0.291","0.451","0.377",18.2,17.7,14.9,"0.289","0.486","0.383",51.1
"Nola, Aaron",605400,"PHI","FF","4-Seam Fastball",1,9,"885",27.8,"202","0.166","0.314","0.267",23.2,25.2,18.7,"0.187","0.316","0.279",39.2
"Beeks, Jalen",656222,"PIT","FF","4-Seam Fastball",0.5,3,"655",55.2,"201","0.282","0.379","0.34",16.2,15.4,18.3,"0.239","0.381","0.31",40.3
"Gray, Jon",592351,"TEX","FF","4-Seam Fastball",-0.5,-3,"720",44.4,"201","0.311","0.443","0.36",15,15.9,14.4,"0.305","0.491","0.373",51
"McKenzie, Triston",663474,"CLE","FF","4-Seam Fastball",-2.3,-16,"683",52.4,"198","0.303","0.652","0.471",10.3,11.1,16.2,"0.307","0.659","0.467",48.5
"Morton, Charlie",450203,"ATL","FF","4-Seam Fastball",-1.2,-9,"797",28.6,"198","0.279","0.512","0.379",19.6,24.7,18.9,"0.269","0.484","0.366",47.6
"Herz, DJ",687792,"WSH","FF","4-Seam Fastball",1,9,"860",54.2,"193","0.222","0.317","0.302",30.5,32.1,22.7,"0.194","0.322","0.282",41.5
"Keller, Mitch",656605,"PIT","FF","4-Seam Fastball",0.5,4,"844",29.6,"193","0.259","0.414","0.334",23.8,25.4,19.1,"0.241","0.403","0.32",39.7
"Lugo, Seth",607625,"KC","FF","4-Seam Fastball",0.7,5,"748",24,"189","0.238","0.413","0.315",17.5,21.7,18.6,"0.254","0.459","0.338",43.5
"Cecconi, Slade",677944,"AZ","FF","4-Seam Fastball",-1.1,-8,"708",54.8,"185","0.329","0.582","0.408",16.4,19.5,16.5,"0.271","0.488","0.353",41.2
"Suarez, Robert",663158,"SD","FF","4-Seam Fastball",1.5,10,"691",70.7,"184","0.221","0.343","0.282",25.7,27.2,22.7,"0.209","0.343","0.265",41.5
"Mize, Casey",663554,"DET","FF","4-Seam Fastball",-0.3,-2,"682",38.1,"183","0.294","0.418","0.36",20.7,19.7,14.8,"0.274","0.445","0.334",45.9
"Cole, Gerrit",543037,"NYY","FF","4-Seam Fastball",0.8,5,"696",45.4,"181","0.184","0.361","0.294",23.5,30.4,22.7,"0.187","0.362","0.292",36.9
"Akin, Keegan",669211,"BAL","FF","4-Seam Fastball",1,7,"695",56,"180","0.215","0.392","0.291",28.1,30,24.4,"0.189","0.34","0.271",41.8
"Taillon, Jameson",592791,"CHC","FF","4-Seam Fastball",0,0,"732",29.5,"177","0.291","0.503","0.363",14.7,15.8,13.1,"0.303","0.56","0.385",49.6
"Finnegan, Kyle",640448,"WSH","FF","4-Seam Fastball",-0.1,-1,"721",67.6,"176","0.286","0.429","0.347",19.9,19.9,13.7,"0.285","0.427","0.341",48.4
"Rainey, Tanner",663432,"WSH","FF","4-Seam Fastball",-0.5,-3,"666",70.9,"174","0.255","0.49","0.376",19.7,16.1,14.7,"0.237","0.516","0.371",44.3
"Marsh, Alec",679525,"KC","FF","4-Seam Fastball",0.4,3,"799",37,"173","0.197","0.375","0.304",22,28.3,20.6,"0.211","0.396","0.312",37.9
"Harris, Hogan",663687,"OAK","FF","4-Seam Fastball",0.2,1,"683",56.3,"173","0.261","0.408","0.363",16.9,16.8,14.6,"0.305","0.536","0.418",47.4
"Kremer, Dean",665152,"BAL","FF","4-Seam Fastball",-0.7,-5,"700",32.2,"170","0.247","0.5","0.375",23.1,26.5,20.1,"0.244","0.526","0.373",46.1
"Vesia, Alex",681911,"LAD","FF","4-Seam Fastball",1.1,8,"700",63.1,"170","0.15","0.357","0.295",28.4,28.8,21,"0.165","0.403","0.313",40.9
"Allen, Logan",671106,"CLE","FF","4-Seam Fastball",-1.6,-10,"622",37.4,"169","0.322","0.559","0.4",14.6,15.4,16.6,"0.3","0.53","0.386",50
"Kimbrel, Craig",518886,"BAL","FF","4-Seam Fastball",-0.1,-1,"633",65.7,"167","0.203","0.421","0.34",28.9,32.9,27.8,"0.209","0.408","0.34",46.9
"Montero, Keider",672456,"DET","FF","4-Seam Fastball",0.1,1,"635",41.3,"167","0.27","0.486","0.365",18,17.4,16.5,"0.315","0.514","0.394",48.7
"Paddack, Chris",663978,"MIN","FF","4-Seam Fastball",0.7,4,"626",42.9,"166","0.277","0.4","0.317",24.3,28.3,24.4,"0.245","0.375","0.295",48.6
"Mikolas, Miles",571945,"STL","FF","4-Seam Fastball",0.2,2,"742",27.4,"166","0.286","0.422","0.342",18,13.9,10.5,"0.269","0.445","0.328",51.9
"Snell, Blake",605483,"SF","FF","4-Seam Fastball",1,9,"821",46.3,"165","0.201","0.306","0.284",24.4,24.8,20.9,"0.195","0.344","0.294",33
"Rogers, Trevor",669432,"BAL","FF","4-Seam Fastball",-0.2,-1,"711",31.7,"163","0.252","0.467","0.348",23.3,23.3,17.4,"0.24","0.5","0.359",48.5
"Scott, Tanner",656945,"SD","FF","4-Seam Fastball",2,14,"688",59.2,"162","0.134","0.179","0.231",28.9,29,21.1,"0.184","0.252","0.27",28.9
"Williams, Gavin",668909,"CLE","FF","4-Seam Fastball",0,0,"702",51.3,"160","0.288","0.424","0.364",22.1,18.1,14.7,"0.281","0.458","0.362",42
"Bradford, Cody",674003,"TEX","FF","4-Seam Fastball",2.1,13,"614",52.3,"160","0.185","0.344","0.253",21.3,23.8,19.2,"0.218","0.391","0.28",37.7
"Bednar, David",670280,"PIT","FF","4-Seam Fastball",-0.9,-5,"568",55.5,"158","0.256","0.459","0.377",24.1,18.4,16.7,"0.244","0.478","0.364",42.5
"Lively, Ben",594902,"CLE","FF","4-Seam Fastball",-0.8,-6,"742",30.8,"156","0.289","0.555","0.421",16.8,10.3,14.4,"0.277","0.561","0.416",55.4
"De Los Santos, Enyel",660853,"CWS","FF","4-Seam Fastball",-1.6,-9,"556",49.3,"154","0.311","0.622","0.431",20.4,18.8,15.3,"0.272","0.544","0.389",47.2
"Rea, Colin",607067,"MIL","FF","4-Seam Fastball",0.4,2,"508",19.2,"154","0.204","0.314","0.277",25,32.5,19.8,"0.235","0.354","0.3",40.9
"Ortiz, Luis L.",682847,"PIT","FF","4-Seam Fastball",1.1,7,"572",26.7,"153","0.187","0.331","0.264",20.8,28.8,18.1,"0.206","0.419","0.303",41.1
"Wacha, Michael",608379,"KC","FF","4-Seam Fastball",0.3,2,"612",23.5,"152","0.287","0.456","0.36",16.9,17.8,16.3,"0.297","0.475","0.366",40.5
"Birdsong, Hayden",806185,"SF","FF","4-Seam Fastball",-0.4,-3,"619",44.6,"151","0.216","0.44","0.364",18.2,16.6,16.1,"0.271","0.529","0.414",54.3
"Miller, Mason",695243,"OAK","FF","4-Seam Fastball",1.8,11,"645",63,"150","0.178","0.319","0.255",37.2,37.3,28.6,"0.182","0.28","0.25",37.5
"King, Michael",650633,"SD","FF","4-Seam Fastball",0,0,"700",24.2,"150","0.265","0.402","0.333",26.1,27.3,15.6,"0.229","0.402","0.318",42.4
"Tonkin, Michael",543859,"MIN","FF","4-Seam Fastball",0.2,1,"532",37.5,"150","0.205","0.352","0.327",23.8,30.7,21.3,"0.231","0.422","0.349",38.5
"Baz, Shane",669358,"TB","FF","4-Seam Fastball",0.5,3,"578",47.9,"149","0.252","0.37","0.324",22.1,18.1,19.4,"0.226","0.384","0.316",47.1
"Megill, Tylor",656731,"NYM","FF","4-Seam Fastball",0.3,2,"637",46.7,"148","0.228","0.35","0.351",29.3,26.4,21.5,"0.229","0.4","0.341",48.8
"Vest, Will",676684,"DET","FF","4-Seam Fastball",2.4,15,"653",56.2,"148","0.182","0.212","0.221",22.8,27,18.8,"0.237","0.363","0.29",45.4
"Ginkel, Kevin",656464,"AZ","FF","4-Seam Fastball",0.1,1,"620",52.4,"147","0.271","0.421","0.329",20,21.1,15.2,"0.238","0.402","0.308",48.1
"Yates, Kirby",489446,"TEX","FF","4-Seam Fastball",2.5,15,"623",60.7,"146","0.113","0.21","0.212",35.2,41.1,27.3,"0.128","0.213","0.22",33.3
"Mears, Nick",683232,"MIL","FF","4-Seam Fastball",0.7,4,"619",60.2,"146","0.24","0.4","0.321",20,23.3,19.3,"0.238","0.402","0.322",38.3
"Pearson, Nate",663878,"CHC","FF","4-Seam Fastball",-1.1,-5,"486",45.9,"144","0.304","0.504","0.389",20.1,18.8,21.4,"0.249","0.47","0.353",47
"Stone, Gavin",694813,"LAD","FF","4-Seam Fastball",-0.4,-2,"554",25.7,"144","0.242","0.427","0.343",17.4,25,25,"0.237","0.401","0.332",43.2
"Richards, Trevor",670950,"MIN","FF","4-Seam Fastball",0.6,3,"549",46.4,"143","0.234","0.342","0.345",14.8,19.6,16.6,"0.251","0.429","0.377",52.3
"Nicolas, Kyle",693312,"PIT","FF","4-Seam Fastball",0.6,3,"523",55.1,"142","0.23","0.327","0.321",19.3,16.2,18.7,"0.239","0.395","0.355",47.3
"Yamamoto, Yoshinobu",808967,"LAD","FF","4-Seam Fastball",0.9,5,"595",40.5,"142","0.266","0.419","0.34",17.6,18.3,17.9,"0.278","0.446","0.361",45.5
"Weaver, Luke",596133,"NYY","FF","4-Seam Fastball",0.8,6,"664",48.3,"142","0.177","0.331","0.272",30,32.4,21.9,"0.193","0.395","0.304",49.4
"Megill, Trevor",656730,"MIL","FF","4-Seam Fastball",1.9,9,"478",71.6,"142","0.209","0.279","0.263",22.2,22.5,24.1,"0.217","0.345","0.283",44.4
"Stanek, Ryne",592773,"NYM","FF","4-Seam Fastball",0.2,1,"579",59.3,"141","0.231","0.397","0.337",27.9,22.7,17.9,"0.199","0.387","0.308",42.2
"Abreu, Bryan",650556,"HOU","FF","4-Seam Fastball",-0.6,-4,"602",46.3,"139","0.256","0.471","0.363",28.4,24.5,23.9,"0.236","0.434","0.335",46.6
"Detmers, Reid",672282,"LAA","FF","4-Seam Fastball",-0.8,-6,"662",42.5,"139","0.273","0.479","0.376",25,22.3,18.6,"0.236","0.449","0.344",40
"Estévez, Carlos",608032,"PHI","FF","4-Seam Fastball",1.3,7,"502",61.1,"137","0.198","0.313","0.248",23,24.1,17.9,"0.235","0.45","0.309",45.9
"Spiers, Carson",686730,"CIN","FF","4-Seam Fastball",-2,-9,"463",29.8,"136","0.256","0.462","0.374",20.5,23.5,19.2,"0.225","0.403","0.328",43.5
"Avila, Pedro",658648,"CLE","FF","4-Seam Fastball",-0.1,-1,"553",39,"135","0.261","0.435","0.343",18.6,20,18.9,"0.276","0.459","0.36",47.8
"Lorenzen, Michael",547179,"KC","FF","4-Seam Fastball",0.8,5,"566",27.1,"135","0.156","0.312","0.289",18.4,23,17.8,"0.211","0.408","0.342",48.1
"Gray, Sonny",543243,"STL","FF","4-Seam Fastball",-0.9,-5,"591",23.8,"134","0.331","0.562","0.407",18.4,9.7,21.7,"0.315","0.536","0.394",35.8
"Nardi, Andrew",677053,"MIA","FF","4-Seam Fastball",0,0,"551",60.8,"133","0.224","0.379","0.315",29.5,33.8,24.7,"0.193","0.302","0.27",40.3
"Boyle, Joe",671212,"OAK","FF","4-Seam Fastball",-1.2,-7,"570",59,"133","0.27","0.39","0.395",25.3,18.8,21.7,"0.256","0.407","0.381",46.8
"Schwellenbach, Spencer",680885,"ATL","FF","4-Seam Fastball",0.1,0,"544",28.8,"132","0.24","0.448","0.316",20.3,25.8,19.3,"0.273","0.452","0.329",47.8
"Estrada, Jeremiah",669093,"SD","FF","4-Seam Fastball",1.2,7,"566",56.4,"132","0.191","0.304","0.265",32.6,31.1,24.3,"0.197","0.311","0.278",39.5
"Shuster, Jared",694363,"CWS","FF","4-Seam Fastball",-0.2,-1,"495",38.4,"131","0.27","0.478","0.371",16.3,19.1,19.7,"0.262","0.481","0.353",41.3
"Green, Chad",643338,"TOR","FF","4-Seam Fastball",1.7,9,"503",59.9,"131","0.198","0.364","0.258",18.1,19.1,15.3,"0.25","0.475","0.322",50.5
"Strahm, Matt",621381,"PHI","FF","4-Seam Fastball",1.8,9,"508",51.8,"131","0.153","0.282","0.196",26.7,42,22.8,"0.185","0.335","0.23",44.4
"Garcia, Robert",676395,"WSH","FF","4-Seam Fastball",0.3,2,"499",52.7,"130","0.256","0.376","0.314",24.9,32.3,26.4,"0.21","0.316","0.27",40.8
"Weathers, Ryan",677960,"MIA","FF","4-Seam Fastball",-0.7,-4,"554",39.2,"130","0.313","0.446","0.386",14.1,10.8,8.2,"0.293","0.464","0.373",39
"Quintana, Jose",500779,"NYM","FF","4-Seam Fastball",-0.8,-5,"632",22.4,"130","0.229","0.431","0.337",16.9,13.1,9.7,"0.232","0.431","0.344",36.2
"Harvey, Hunter",640451,"KC","FF","4-Seam Fastball",0.6,3,"570",62.9,"130","0.254","0.404","0.337",22.7,24.6,16.3,"0.274","0.439","0.35",53
"Barnes, Jacob",606930,"WSH","FF","4-Seam Fastball",-0.8,-4,"527",47.2,"129","0.267","0.5","0.379",19.6,18.6,13.6,"0.281","0.544","0.375",52.1
"Wentz, Joey",666214,"PIT","FF","4-Seam Fastball",-1.3,-6,"447",36.5,"128","0.316","0.469","0.415",17.5,16.4,16.7,"0.268","0.444","0.38",45.1
"Miller, Shelby",571946,"DET","FF","4-Seam Fastball",1.2,6,"515",60.6,"128","0.183","0.33","0.273",23.7,23.4,21,"0.201","0.349","0.303",43.9
"Brown, Ben",676962,"CHC","FF","4-Seam Fastball",0.8,4,"532",62.7,"128","0.25","0.352","0.31",18.5,15.6,16.7,"0.296","0.511","0.402",56.5
"Waldron, Matt",663362,"SD","FF","4-Seam Fastball",-1.2,-6,"452",18.4,"128","0.265","0.521","0.36",20.4,26.6,19.8,"0.247","0.454","0.329",45.2
"Puk, A.J.",640462,"AZ","FF","4-Seam Fastball",2.3,11,"506",43.1,"128","0.145","0.197","0.203",31.7,35.9,23.7,"0.147","0.2","0.197",31
"Knack, Landon",689017,"LAD","FF","4-Seam Fastball",-0.3,-2,"532",46.3,"128","0.228","0.526","0.363",20.3,25.8,23.6,"0.203","0.48","0.331",53.1
"Martinez, Nick",607259,"CIN","FF","4-Seam Fastball",0.6,3,"477",22.4,"126","0.219","0.351","0.294",21,23,14.4,"0.22","0.355","0.273",34.8
"Jiménez, Joe",641729,"ATL","FF","4-Seam Fastball",1.6,8,"503",46.2,"126","0.216","0.261","0.271",26.8,25.4,21.2,"0.2","0.321","0.278",45
"Díaz, Alexis",664747,"CIN","FF","4-Seam Fastball",0,0,"566",57.9,"124","0.196","0.283","0.336",23.7,17.7,15.8,"0.179","0.275","0.319",35.2
"Molina, Anthony",683627,"COL","FF","4-Seam Fastball",-1.6,-8,"506",48.3,"124","0.374","0.561","0.442",15.6,12.9,10.8,"0.372","0.565","0.446",54.3
"Wesneski, Hayden",669713,"CHC","FF","4-Seam Fastball",-1,-4,"387",36,"123","0.257","0.469","0.369",14.4,13.8,12.8,"0.292","0.547","0.386",40.6
"Miller, Erik",669062,"SF","FF","4-Seam Fastball",0.7,5,"629",49.6,"122","0.186","0.314","0.294",29.3,31.1,20.3,"0.184","0.293","0.286",50
"Povich, Cade",700249,"BAL","FF","4-Seam Fastball",0.5,3,"566",40.7,"122","0.221","0.375","0.315",18.4,13.1,10.4,"0.213","0.389","0.319",36
"Neris, Héctor",593576,"HOU","FF","4-Seam Fastball",0.9,4,"485",48.1,"122","0.226","0.415","0.313",19.9,24.6,24,"0.235","0.438","0.327",50.6
"Scott, Tayler",605463,"HOU","FF","4-Seam Fastball",1,6,"580",48.2,"121","0.147","0.304","0.258",28.6,31.4,21.7,"0.17","0.283","0.264",43.9
"Peterson, David",656849,"NYM","FF","4-Seam Fastball",0.2,1,"472",25.2,"121","0.224","0.271","0.276",29.3,28.1,21.4,"0.244","0.369","0.315",35.1
"Irvin, Cole",608344,"MIN","FF","4-Seam Fastball",-0.9,-4,"479",27.1,"120","0.286","0.571","0.397",15.4,16.7,17.2,"0.307","0.604","0.419",57
"Olson, Reese",681857,"DET","FF","4-Seam Fastball",-0.2,-1,"442",23.9,"119","0.282","0.398","0.332",10.1,15.1,13.7,"0.292","0.46","0.361",47.7
"Suter, Brent",608718,"CIN","FF","4-Seam Fastball",0.9,4,"442",43.2,"119","0.27","0.396","0.318",17,17.6,17.2,"0.261","0.394","0.307",31.9
"Smith, Burch",572143,"BAL","FF","4-Seam Fastball",1.2,5,"448",50,"119","0.224","0.355","0.293",23,31.1,22.7,"0.236","0.401","0.311",50
"Hudson, Bryan",663542,"MIL","FF","4-Seam Fastball",2.6,13,"483",52.1,"119","0.15","0.28","0.228",18,22.7,17.4,"0.2","0.329","0.272",33.3
"Littell, Zack",641793,"TB","FF","4-Seam Fastball",0.3,2,"552",22.2,"118","0.266","0.376","0.323",19,23.7,14,"0.261","0.418","0.319",46.3
"Hudson, Daniel",543339,"LAD","FF","4-Seam Fastball",0.2,1,"502",50.3,"118","0.231","0.426","0.322",26.3,19.5,16.1,"0.259","0.504","0.355",60
"Weems, Jordan",607179,"WSH","FF","4-Seam Fastball",-0.3,-2,"451",61.5,"118","0.27","0.41","0.356",17,14.4,15.7,"0.262","0.41","0.351",45.8
"Helsley, Ryan",664854,"STL","FF","4-Seam Fastball",0.7,3,"423",45.4,"116","0.276","0.367","0.325",18.4,10.3,12.9,"0.258","0.419","0.34",50
"Rodríguez, Yariel",684320,"TOR","FF","4-Seam Fastball",0.2,1,"616",41,"116","0.245","0.418","0.35",22.7,13.8,15.8,"0.235","0.372","0.331",35.4
"Cabrera, Edward",665795,"MIA","FF","4-Seam Fastball",-1.9,-9,"471",27.2,"115","0.303","0.517","0.431",16.3,17.4,15.7,"0.297","0.545","0.428",60
"Contreras, Roansy",672710,"LAA","FF","4-Seam Fastball",1.3,5,"401",37.3,"115","0.233","0.35","0.292",16.2,20,21.3,"0.28","0.48","0.362",53.1
"Williams, Trevor",592866,"WSH","FF","4-Seam Fastball",3.1,12,"383",36,"113","0.202","0.279","0.238",17.6,24.8,21.1,"0.195","0.321","0.26",44.9
"Ferguson, Caleb",657571,"HOU","FF","4-Seam Fastball",-1.6,-6,"408",43.4,"112","0.32","0.598","0.438",21.6,24.1,22.7,"0.286","0.522","0.39",54.3
"Berríos, José",621244,"TOR","FF","4-Seam Fastball",-0.4,-2,"543",18.6,"112","0.265","0.48","0.369",19.7,17.9,15,"0.287","0.523","0.386",44.3
"Matsui, Yuki",673513,"SD","FF","4-Seam Fastball",0.6,2,"431",41.1,"112","0.223","0.447","0.337",19.1,17,16.7,"0.234","0.405","0.329",40.3
"Thielbar, Caleb",573204,"MIN","FF","4-Seam Fastball",-1.2,-5,"385",43.4,"111","0.32","0.495","0.382",17.9,19.8,15.3,"0.273","0.479","0.364",44.2
"Miller, Bobby",676272,"LAD","FF","4-Seam Fastball",-2.4,-9,"381",36.2,"111","0.348","0.663","0.483",17.8,12.6,16.9,"0.342","0.673","0.477",53.8
"Vásquez, Randy",681190,"SD","FF","4-Seam Fastball",-0.3,-1,"474",28.1,"109","0.298","0.447","0.368",22,17.4,12.1,"0.33","0.564","0.421",50.6
"Brebbia, John",605154,"ATL","FF","4-Seam Fastball",0.9,4,"477",48,"109","0.172","0.293","0.247",25.6,38.5,21.9,"0.212","0.375","0.291",49.1
"Muller, Kyle",666205,"OAK","FF","4-Seam Fastball",0.9,3,"387",53.4,"109","0.279","0.394","0.329",21.4,20.2,20.2,"0.262","0.398","0.307",43.4
"Suárez, Ranger",624133,"PHI","FF","4-Seam Fastball",0.8,4,"461",19.6,"108","0.224","0.327","0.29",18,24.1,20,"0.251","0.339","0.297",31.9
"Holmes, Grant",656550,"ATL","FF","4-Seam Fastball",1.1,4,"382",37.3,"108","0.238","0.366","0.289",20.3,18.5,22,"0.251","0.378","0.3",39.5
"Bellozo, Valente",678368,"MIA","FF","4-Seam Fastball",-0.9,-4,"409",37.4,"108","0.247","0.454","0.349",13.3,12,12.6,"0.27","0.506","0.369",45.9
"Scott, Christian",681035,"NYM","FF","4-Seam Fastball",0.8,3,"416",52.9,"108","0.265","0.388","0.32",22,24.1,20.5,"0.243","0.403","0.308",50
"Faedo, Alex",656412,"DET","FF","4-Seam Fastball",-0.1,0,"354",35.2,"108","0.218","0.437","0.342",24.7,23.1,19.5,"0.237","0.385","0.337",36.9
"Webb, Jacob",657097,"BAL","FF","4-Seam Fastball",-0.1,0,"413",44.2,"107","0.2","0.365","0.343",26.7,26.2,21.7,"0.223","0.43","0.363",47.4
"Rodríguez, Randy",678495,"SF","FF","4-Seam Fastball",-0.5,-2,"427",48.6,"107","0.253","0.44","0.349",24.3,24.3,21.5,"0.222","0.37","0.313",40.9
"Lambert, Peter",663567,"COL","FF","4-Seam Fastball",-0.5,-2,"399",38.4,"106","0.318","0.534","0.408",11.8,13.2,14.9,"0.282","0.439","0.365",38.2
"Fernandez, Ryan",681676,"STL","FF","4-Seam Fastball",0,0,"487",40.9,"105","0.302","0.384","0.36",20.5,16.2,14.4,"0.285","0.437","0.378",44.4
"Stripling, Ross",548389,"OAK","FF","4-Seam Fastball",0,0,"417",30.7,"105","0.25","0.424","0.332",17.2,20,14.8,"0.211","0.387","0.304",37.5
"Sewald, Paul",623149,"AZ","FF","4-Seam Fastball",-0.7,-3,"376",59.8,"105","0.253","0.484","0.341",24.3,27.6,23.6,"0.237","0.454","0.325",47.8
"Gaddis, Hunter",683769,"CLE","FF","4-Seam Fastball",1.3,5,"412",38.3,"103","0.219","0.417","0.297",17.9,17.5,14.8,"0.228","0.413","0.302",43.6
"Wicks, Jordan",696136,"CHC","FF","4-Seam Fastball",-0.6,-2,"384",45.1,"103","0.281","0.438","0.36",16.1,18.4,15.6,"0.261","0.432","0.348",42.3
"Alexander, Tyler",641302,"TB","FF","4-Seam Fastball",-0.4,-2,"369",22.1,"103","0.237","0.505","0.335",24.9,27.2,19.7,"0.238","0.449","0.324",44.8
"Soroka, Michael",647336,"CWS","FF","4-Seam Fastball",0.4,2,"466",32.3,"103","0.198","0.358","0.313",21.1,21.4,15.5,"0.197","0.346","0.318",30.2
"Hodge, Porter",687863,"CHC","FF","4-Seam Fastball",1,4,"393",61.2,"102","0.174","0.291","0.277",20.8,22.5,24,"0.199","0.323","0.299",41.3
"Quantrill, Cal",615698,"COL","FF","4-Seam Fastball",-1.1,-4,"393",14.9,"102","0.25","0.487","0.395",24.1,22.5,17.2,"0.262","0.433","0.384",40.4
"Wrobleski, Justin",680736,"LAD","FF","4-Seam Fastball",0.9,3,"350",59.1,"101","0.205","0.386","0.308",23,16.8,16.5,"0.214","0.36","0.302",29.6
"Armstrong, Shawn",542888,"CHC","FF","4-Seam Fastball",0.8,3,"368",33.2,"101","0.198","0.341","0.276",33.7,38.6,24.8,"0.225","0.422","0.318",44.2
"Lodolo, Nick",666157,"CIN","FF","4-Seam Fastball",-0.5,-3,"517",27.7,"101","0.2","0.4","0.301",27.6,35.6,18,"0.205","0.413","0.309",48.1
"Brieske, Beau",689225,"DET","FF","4-Seam Fastball",0.7,3,"458",39.8,"100","0.231","0.282","0.312",20.9,29,18.6,"0.19","0.308","0.305",44.2
"Hoffman, Jeff",656546,"PHI","FF","4-Seam Fastball",1.6,6,"360",36,"100","0.191","0.36","0.278",33.2,36,31,"0.217","0.414","0.31",51.9
"Leiter, Jack",683004,"TEX","FF","4-Seam Fastball",-3.2,-11,"344",51.4,"100","0.35","0.625","0.466",29.1,16,14.7,"0.302","0.58","0.423",54.4
"Meyer, Max",676974,"MIA","FF","4-Seam Fastball",-1.9,-7,"383",39.6,"100","0.33","0.648","0.44",13.8,10,11.6,"0.321","0.612","0.421",57.3
"Luzardo, Jesús",666200,"MIA","FF","4-Seam Fastball",0.4,1,"387",35.7,"99","0.253","0.414","0.329",12.5,9.1,9.3,"0.285","0.485","0.37",44.3
"Poche, Colin",621363,"TB","FF","4-Seam Fastball",0.7,3,"369",68,"99","0.227","0.409","0.314",16.7,15.2,21.4,"0.248","0.442","0.327",41.3
"Latz, Jacob",656641,"TEX","FF","4-Seam Fastball",-0.5,-2,"402",49.4,"99","0.228","0.38","0.36",22.4,20.2,14.5,"0.235","0.465","0.374",46.7
"Carrasco, Carlos",471911,"CLE","FF","4-Seam Fastball",-1.1,-5,"426",25.2,"98","0.337","0.551","0.41",14.4,9.2,13.2,"0.326","0.498","0.385",37.5
"Musgrove, Joe",605397,"SD","FF","4-Seam Fastball",-0.9,-4,"391",24.7,"97","0.258","0.506","0.354",22.9,23.7,18,"0.281","0.541","0.377",50
"Kinley, Tyler",641755,"COL","FF","4-Seam Fastball",-1.6,-6,"393",33.2,"97","0.346","0.506","0.428",11.7,6.2,7,"0.351","0.565","0.444",42.7
"Moore, Matt",519043,"LAA","FF","4-Seam Fastball",0.4,2,"427",50,"97","0.195","0.364","0.329",21,11.3,12.6,"0.235","0.469","0.378",38.8
"Banks, Tanner",621383,"PHI","FF","4-Seam Fastball",0.5,2,"363",30.9,"97","0.207","0.305","0.281",28.2,41.2,23.4,"0.207","0.359","0.3",47.7
"Bido, Osvaldo",674370,"OAK","FF","4-Seam Fastball",0.4,2,"422",40,"96","0.192","0.282","0.298",28,25,17.8,"0.176","0.285","0.292",35.2
"Baumann, Mike",657508,"MIA","FF","4-Seam Fastball",-1,-4,"433",40.6,"96","0.308","0.654","0.445",19.4,10.4,8.9,"0.278","0.527","0.407",56.3
"Miller, Tyson",668338,"CHC","FF","4-Seam Fastball",1.4,6,"442",47.3,"95","0.218","0.356","0.284",28.2,27.4,20.3,"0.244","0.424","0.318",49.2
"Pagán, Emilio",641941,"CIN","FF","4-Seam Fastball",0.3,1,"343",57.8,"95","0.259","0.435","0.332",25.9,25.3,22,"0.247","0.463","0.343",56.5
"Freeland, Kyle",607536,"COL","FF","4-Seam Fastball",-1,-3,"355",20.1,"95","0.319","0.516","0.392",6.1,7.4,7.6,"0.299","0.479","0.349",39.3
"Montgomery, Jordan",656756,"AZ","FF","4-Seam Fastball",0.3,1,"332",17.2,"94","0.279","0.36","0.309",18.6,12.8,10.6,"0.261","0.391","0.316",40
"Varland, Louis",686973,"MIN","FF","4-Seam Fastball",-0.9,-4,"384",42.6,"94","0.314","0.558","0.406",24,24.5,21.5,"0.26","0.471","0.34",39.1
"Maeda, Kenta",628317,"DET","FF","4-Seam Fastball",-2.7,-12,"439",22.4,"93","0.359","0.667","0.477",13.2,21.5,14.9,"0.307","0.546","0.416",41.4
"Díaz, Edwin",621242,"NYM","FF","4-Seam Fastball",0.6,3,"475",52.1,"93","0.19","0.304","0.278",36.6,41.9,31.7,"0.173","0.315","0.275",39
"Fairbanks, Pete",664126,"TB","FF","4-Seam Fastball",-0.1,0,"363",52.2,"93","0.28","0.341","0.325",18.5,15.1,17.3,"0.287","0.456","0.364",41.2
"Wilson, Justin",458677,"CIN","FF","4-Seam Fastball",-1.8,-7,"404",49.5,"93","0.333","0.642","0.454",27.6,32.3,21,"0.262","0.563","0.384",45.3
"Adam, Jason",592094,"SD","FF","4-Seam Fastball",1.7,7,"411",37.1,"93","0.167","0.286","0.257",26.9,16.1,14,"0.228","0.417","0.307",47.1
"Domínguez, Seranthony",622554,"BAL","FF","4-Seam Fastball",0.2,1,"434",40.8,"93","0.21","0.407","0.325",21.5,24.7,16.9,"0.215","0.419","0.332",24.1
"Festa, David",701581,"MIN","FF","4-Seam Fastball",-1.1,-5,"442",40.2,"93","0.304","0.544","0.411",19.4,24.7,21.3,"0.272","0.503","0.385",50
"Hall, DL",669084,"MIL","FF","4-Seam Fastball",-2.6,-9,"354",45.3,"93","0.395","0.553","0.467",12.4,11.8,11.5,"0.279","0.458","0.381",39.4
"Stratton, Chris",608717,"KC","FF","4-Seam Fastball",-0.5,-2,"376",37.8,"91","0.288","0.409","0.393",21.5,16.5,16.7,"0.282","0.474","0.415",44.6
"Hancock, Emerson",676106,"SEA","FF","4-Seam Fastball",0.1,0,"345",34,"91","0.247","0.432","0.335",23.2,16.5,14.6,"0.312","0.533","0.398",56.1
"Jarvis, Bryce",686826,"AZ","FF","4-Seam Fastball",0.8,3,"349",34.7,"91","0.219","0.288","0.316",15.3,14.3,10.1,"0.293","0.473","0.402",48.3
"Sands, Cole",663485,"MIN","FF","4-Seam Fastball",1.9,6,"329",28.5,"91","0.2","0.306","0.252",31.3,36.3,25.4,"0.19","0.385","0.266",43.4
"Muñoz, Roddery",682610,"MIA","FF","4-Seam Fastball",-3.4,-13,"398",26.8,"91","0.329","0.724","0.485",18.1,14.3,9.2,"0.289","0.66","0.443",56.3
"Buehler, Walker",621111,"LAD","FF","4-Seam Fastball",-3.4,-13,"387",29,"90","0.342","0.696","0.481",16.9,10,9.8,"0.336","0.654","0.452",50.7
"Ferguson, Tyler",621053,"OAK","FF","4-Seam Fastball",-0.1,0,"316",38.6,"90","0.205","0.359","0.302",32.1,43.3,30.2,"0.166","0.349","0.282",38.5
"Dubin, Shawn",681869,"HOU","FF","4-Seam Fastball",1.1,4,"367",43.7,"90","0.188","0.217","0.313",18.5,26.7,26.1,"0.189","0.261","0.313",39.1
"Leclerc, José",600917,"TEX","FF","4-Seam Fastball",0.6,3,"419",34.8,"89","0.176","0.294","0.31",32,27,18.9,"0.197","0.368","0.338",32.6
"Strickland, Hunter",519326,"LAA","FF","4-Seam Fastball",0,0,"367",31.7,"89","0.208","0.403","0.317",19.3,22.5,17.7,"0.194","0.404","0.312",50.9
"Cruz, Fernando",518585,"CIN","FF","4-Seam Fastball",-0.1,0,"369",32.4,"88","0.295","0.513","0.376",14.3,19.3,26.6,"0.324","0.564","0.408",56.5
"Alcala, Jorge",660896,"MIN","FF","4-Seam Fastball",-0.6,-3,"408",43.8,"88","0.224","0.513","0.36",29.9,21.6,16.8,"0.211","0.461","0.34",49.1
"Keller, Brad",641745,"BOS","FF","4-Seam Fastball",-1.3,-4,"279",37.6,"87","0.295","0.423","0.387",13.1,10.3,12,"0.25","0.41","0.33",34.8
"Turnbull, Spencer",605513,"PHI","FF","4-Seam Fastball",0.1,0,"321",35,"87","0.28","0.453","0.378",16.2,17.2,19.2,"0.291","0.509","0.391",45
"Gibson, Kyle",502043,"STL","FF","4-Seam Fastball",-1.7,-6,"365",13.2,"86","0.268","0.563","0.416",6.5,11.6,14.3,"0.299","0.612","0.434",43.5
"Assad, Javier",665871,"CHC","FF","4-Seam Fastball",-0.8,-3,"410",16.2,"86","0.324","0.486","0.383",19.8,23.3,16.1,"0.297","0.457","0.361",50.9
"Booser, Cam",592155,"BOS","FF","4-Seam Fastball",0.3,1,"285",41,"86","0.244","0.423","0.323",25.1,25.6,21.2,"0.253","0.439","0.333",44.6
"Diaz, Yilber",700270,"AZ","FF","4-Seam Fastball",-1.4,-4,"272",58,"85","0.301","0.521","0.391",11.2,9.4,11.3,"0.313","0.492","0.39",47
"Fulmer, Carson",608334,"LAA","FF","4-Seam Fastball",0,0,"335",22.8,"85","0.224","0.447","0.329",19,28.2,22.2,"0.22","0.454","0.323",64.2
"Mlodzinski, Carmen",669387,"PIT","FF","4-Seam Fastball",0.9,3,"345",39.8,"85","0.174","0.304","0.281",25.5,27.1,18.1,"0.189","0.304","0.288",41.7
"Rodriguez, Eduardo",593958,"AZ","FF","4-Seam Fastball",0,0,"375",43.3,"85","0.264","0.5","0.376",26.7,22.4,19,"0.273","0.53","0.391",55.6
"Anderson, Justin",605121,"CWS","FF","4-Seam Fastball",1.2,4,"313",33.1,"84","0.174","0.261","0.282",24.8,19,15.4,"0.236","0.437","0.351",40.7
"Jax, Griffin",643377,"MIN","FF","4-Seam Fastball",2.5,8,"326",30.5,"83","0.165","0.304","0.233",29.4,28.9,27.9,"0.223","0.424","0.296",52.7
"Buttó, José",676130,"NYM","FF","4-Seam Fastball",2.3,9,"384",31.4,"83","0.145","0.188","0.225",31.9,33.7,25.2,"0.161","0.267","0.256",34.9
"Duran, Jhoan",661395,"MIN","FF","4-Seam Fastball",-0.2,-1,"359",40.7,"83","0.296","0.408","0.354",36.1,33.7,26.4,"0.205","0.301","0.283",33.3
"Erceg, Lucas",668674,"KC","FF","4-Seam Fastball",0,0,"292",30.8,"83","0.233","0.397","0.32",28.1,33.7,29.8,"0.24","0.438","0.338",46.7
"Leasure, Jordan",673929,"CWS","FF","4-Seam Fastball",1.3,4,"335",59.8,"83","0.169","0.308","0.297",25.7,15.7,15.7,"0.194","0.363","0.325",25.9
"Oller, Adam",670124,"MIA","FF","4-Seam Fastball",-3.2,-9,"298",42,"81","0.323","0.677","0.497",15.6,12.3,14.3,"0.267","0.594","0.429",56.4
"Kelly, Zack",677161,"BOS","FF","4-Seam Fastball",-1,-3,"286",29.9,"81","0.25","0.344","0.362",23,24.7,17.9,"0.277","0.481","0.402",38.6
"Honeywell, Brent",641703,"LAD","FF","4-Seam Fastball",0.9,3,"302",50.8,"81","0.254","0.418","0.341",13.8,12.3,12,"0.283","0.405","0.352",45
"Swanson, Erik",657024,"TOR","FF","4-Seam Fastball",0.7,2,"332",49.8,"80","0.197","0.352","0.298",21.7,21.3,18.5,"0.274","0.432","0.347",51.9
"Wilson, Bryse",669060,"MIL","FF","4-Seam Fastball",-2.7,-6,"240",14.6,"80","0.278","0.486","0.364",23.4,32.5,16.3,"0.255","0.443","0.338",47.8
"Quijada, José",650671,"LAA","FF","4-Seam Fastball",-0.2,-1,"357",94.2,"80","0.183","0.25","0.312",33.5,28.7,19.3,"0.215","0.356","0.354",39.5
"Little, Luke",681432,"CHC","FF","4-Seam Fastball",0.6,2,"316",72.1,"79","0.219","0.313","0.311",19,17.7,20.6,"0.212","0.31","0.308",43.1
"Joyce, Ben",690829,"LAA","FF","4-Seam Fastball",1.6,4,"246",45.5,"79","0.194","0.269","0.277",30,32.9,24.1,"0.184","0.265","0.27",39
"Weissert, Greg",669711,"BOS","FF","4-Seam Fastball",2,5,"235",22.8,"79","0.173","0.28","0.205",19.9,39.2,22,"0.171","0.264","0.199",32.6
"Long, Sam",669674,"KC","FF","4-Seam Fastball",1.8,5,"269",38.3,"78","0.197","0.364","0.304",22.5,23.1,23.4,"0.235","0.428","0.342",40.8
"Cantillo, Joey",676282,"CLE","FF","4-Seam Fastball",-1.4,-5,"347",48.8,"77","0.292","0.585","0.423",22,20.8,17.8,"0.282","0.577","0.41",48
"Diekman, Jake",518617,"NYM","FF","4-Seam Fastball",-0.4,-1,"299",47.7,"77","0.233","0.517","0.393",26.1,28.6,22.9,"0.216","0.381","0.338",39
"Chapman, Aroldis",547973,"PIT","FF","4-Seam Fastball",-0.4,-1,"378",33.5,"77","0.255","0.382","0.413",25.7,18.2,23.7,"0.251","0.391","0.399",53.7
"Santillan, Tony",663574,"CIN","FF","4-Seam Fastball",-0.3,-1,"304",60.3,"76","0.203","0.406","0.309",30.4,38.2,28.4,"0.181","0.34","0.266",42.5
"Iglesias, Raisel",628452,"ATL","FF","4-Seam Fastball",2.1,6,"286",30.8,"76","0.164","0.301","0.201",31.9,38.2,32.2,"0.183","0.295","0.208",39.1
"Howard, Spencer",675921,"CLE","FF","4-Seam Fastball",-1.5,-4,"274",51,"76","0.353","0.5","0.401",18.8,21.1,17.4,"0.299","0.507","0.378",58.5
"Sims, Lucas",608371,"BOS","FF","4-Seam Fastball",-2.4,-7,"278",31.4,"76","0.281","0.561","0.428",21.6,21.1,15.7,"0.201","0.412","0.356",32.6
"Lee, Dylan",669276,"ATL","FF","4-Seam Fastball",1.2,3,"285",33.2,"76","0.257","0.443","0.325",19.3,23.7,23.1,"0.208","0.406","0.289",41.5
"Medina, Luis",665622,"OAK","FF","4-Seam Fastball",0.1,0,"300",41.7,"76","0.242","0.371","0.326",12.4,10.5,9.3,"0.249","0.4","0.351",39.3
"McGough, Scott",543518,"AZ","FF","4-Seam Fastball",-2.8,-8,"288",49.9,"76","0.373","0.746","0.512",17.8,13.2,14.3,"0.341","0.736","0.498",62
"Ray, Robbie",592662,"SF","FF","4-Seam Fastball",-0.5,-2,"301",53,"75","0.167","0.367","0.309",26.4,29.3,20.4,"0.177","0.35","0.309",35.9
"Mazur, Adam",800049,"SD","FF","4-Seam Fastball",-4.3,-10,"231",39.6,"73","0.333","0.667","0.472",13.4,9.6,13.5,"0.325","0.52","0.431",54.9
"Leahy, Kyle",681517,"STL","FF","4-Seam Fastball",0.2,1,"308",44.3,"73","0.286","0.524","0.373",19.1,12.3,14.1,"0.331","0.589","0.423",58.9
"Muñoz, Andrés",662253,"SEA","FF","4-Seam Fastball",0.2,1,"307",32.3,"73","0.186","0.356","0.32",22.9,19.2,17.3,"0.222","0.392","0.347",33.3
"Gordon, Tanner",685299,"COL","FF","4-Seam Fastball",-1.7,-5,"302",49.8,"73","0.333","0.565","0.397",12.3,11,9.9,"0.338","0.554","0.397",38.7
"Burke, Brock",656271,"LAA","FF","4-Seam Fastball",-2.4,-7,"291",50.6,"73","0.292","0.631","0.419",22.4,31.5,22.8,"0.219","0.386","0.306",42.9
"Banda, Anthony",607455,"LAD","FF","4-Seam Fastball",0.6,2,"268",34.6,"73","0.231","0.415","0.316",21.6,17.8,15.7,"0.243","0.454","0.332",47.2
"Payamps, Joel",606303,"MIL","FF","4-Seam Fastball",0.9,3,"292",32.5,"72","0.169","0.385","0.27",34,45.8,26.4,"0.178","0.36","0.269",51.5
"Nastrini, Nick",680897,"CWS","FF","4-Seam Fastball",-2,-7,"333",45.4,"72","0.189","0.415","0.383",20.4,11.1,12.9,"0.238","0.551","0.429",42.2
"Blalock, Bradley",687134,"COL","FF","4-Seam Fastball",-2,-5,"261",47.3,"72","0.321","0.5","0.449",15.3,11.1,11.6,"0.342","0.564","0.458",62.5
"Hill, Tim",657612,"NYY","FF","4-Seam Fastball",-0.9,-2,"261",26.6,"71","0.254","0.358","0.28",19.4,23.9,15.2,"0.23","0.28","0.251",39.2
"Pressly, Ryan",519151,"HOU","FF","4-Seam Fastball",-1.3,-4,"320",33,"71","0.313","0.5","0.386",18.1,23.9,18.1,"0.288","0.505","0.366",52.1
"Lynch IV, Daniel",663738,"KC","FF","4-Seam Fastball",-0.5,-1,"224",35.5,"71","0.226","0.484","0.338",13.3,9.9,14.6,"0.241","0.468","0.346",51.8
"Hudson, Dakota",641712,"COL","FF","4-Seam Fastball",-3,-7,"235",15.5,"69","0.321","0.547","0.447",6.8,7.2,9.8,"0.291","0.459","0.41",35.4
"Kerkering, Orion",689147,"PHI","FF","4-Seam Fastball",0.6,2,"317",29.2,"69","0.224","0.328","0.302",27.8,34.8,18.5,"0.184","0.261","0.265",37.1
"Hernández, Carlos",672578,"KC","FF","4-Seam Fastball",2.1,6,"302",53.9,"69","0.196","0.268","0.275",15.6,17.4,11.3,"0.196","0.383","0.313",45.7
"Smith, Will",519293,"KC","FF","4-Seam Fastball",-1.8,-3,"195",29,"68","0.375","0.554","0.436",10.2,10.3,14.6,"0.348","0.541","0.423",36.5
"Martinez, Seth",661527,"HOU","FF","4-Seam Fastball",0.1,0,"273",32.6,"68","0.271","0.424","0.352",18.6,16.2,14.7,"0.271","0.457","0.363",43.8
"Liberatore, Matthew",669461,"STL","FF","4-Seam Fastball",-0.9,-3,"378",27.8,"68","0.279","0.656","0.405",19.5,11.8,11.4,"0.276","0.642","0.402",43.6
"Stratton, Hunter",676702,"PIT","FF","4-Seam Fastball",-0.7,-2,"220",37.5,"68","0.271","0.39","0.325",22.6,20.6,15.6,"0.233","0.379","0.301",39.6
"Scherzer, Max",453286,"TEX","FF","4-Seam Fastball",0.3,1,"294",43.9,"67","0.262","0.492","0.353",22.2,17.9,15.6,"0.264","0.435","0.335",36.7
"García, Yimi",554340,"SEA","FF","4-Seam Fastball",0.8,2,"228",36.8,"67","0.148","0.377","0.253",31.7,44.8,26.8,"0.156","0.392","0.264",46.9
"Jackson, Luke",592426,"ATL","FF","4-Seam Fastball",-0.4,-1,"290",31.6,"67","0.245","0.358","0.332",25,25.4,21,"0.198","0.318","0.315",39.5
"Sandlin, Nick",680704,"CLE","FF","4-Seam Fastball",-1.5,-5,"299",29.8,"67","0.283","0.585","0.422",17.6,20.9,16.5,"0.247","0.568","0.405",50
"Curry, Xzavion",675540,"MIA","FF","4-Seam Fastball",-0.2,-1,"316",49.5,"66","0.262","0.492","0.361",19.6,13.6,11,"0.283","0.522","0.369",42.3
"Matthews, Zebby",805673,"MIN","FF","4-Seam Fastball",-1.4,-4,"307",42.8,"66","0.288","0.627","0.416",17.8,25.8,21.3,"0.266","0.594","0.397",54.8
"Darvish, Yu",506433,"SD","FF","4-Seam Fastball",0,0,"232",18.4,"66","0.21","0.403","0.278",13.8,22.7,18.1,"0.221","0.372","0.273",56.3
"Santana, Dennis",642701,"PIT","FF","4-Seam Fastball",1.1,3,"289",26.1,"66","0.207","0.276","0.273",19.5,27.3,17,"0.227","0.324","0.285",31.7
"Snider, Collin",676092,"SEA","FF","4-Seam Fastball",0.3,1,"279",41.3,"66","0.211","0.298","0.3",31.7,31.8,19.3,"0.213","0.317","0.294",33.3
"Suarez, José",660761,"LAA","FF","4-Seam Fastball",-1.1,-4,"395",40,"65","0.28","0.48","0.428",22.9,18.5,11.8,"0.277","0.488","0.411",53.8
"Herrin, Tim",682120,"CLE","FF","4-Seam Fastball",1.6,4,"246",24.3,"65","0.189","0.226","0.278",16.8,16.9,13.4,"0.244","0.359","0.34",50
"Wilson, Steven",621051,"CWS","FF","4-Seam Fastball",-2.1,-5,"248",39.8,"64","0.245","0.51","0.406",16.5,17.2,17.2,"0.265","0.532","0.421",37.5
"Voth, Austin",608723,"SEA","FF","4-Seam Fastball",2.1,5,"231",23.7,"63","0.157","0.255","0.269",25,23.8,20.3,"0.199","0.312","0.304",32.4
"Henry, Tommy",674072,"AZ","FF","4-Seam Fastball",-1.9,-5,"239",33.9,"63","0.255","0.588","0.39",14,17.5,13.8,"0.254","0.551","0.39",48.8
"Kerr, Ray",678061,"ATL","FF","4-Seam Fastball",-4.3,-7,"171",44.6,"61","0.407","0.704","0.523",21.7,18,25,"0.288","0.508","0.38",41.9
"Thorpe, Drew",689672,"CWS","FF","4-Seam Fastball",-2.6,-6,"232",32.2,"61","0.245","0.566","0.388",7.7,6.6,8.5,"0.306","0.628","0.427",54
"Manning, Matt",666159,"DET","FF","4-Seam Fastball",-1.2,-3,"211",48.2,"61","0.327","0.519","0.39",21.3,24.6,22.7,"0.302","0.552","0.394",46.2
"Reid-Foley, Sean",656887,"NYM","FF","4-Seam Fastball",1.1,3,"261",67.8,"60","0.149","0.191","0.287",22.4,25,18.1,"0.171","0.212","0.271",39.4
"Blackburn, Paul",621112,"NYM","FF","4-Seam Fastball",-1.6,-4,"236",19.5,"60","0.286","0.694","0.448",12.5,15,13,"0.267","0.628","0.428",65.9
"Cannon, Jonathan",686563,"CWS","FF","4-Seam Fastball",-0.9,-2,"249",12.3,"60","0.236","0.4","0.308",25.4,31.7,13.6,"0.201","0.362","0.278",30.6
"Chivilli, Angel",683409,"COL","FF","4-Seam Fastball",-1.3,-3,"213",41.5,"59","0.25","0.462","0.364",9.4,10.2,15,"0.323","0.539","0.409",54.3
"Morejon, Adrian",670970,"SD","FF","4-Seam Fastball",-1.3,-3,"247",23.2,"59","0.333","0.537","0.388",26.1,30.5,17.5,"0.281","0.476","0.343",40.5
"Daniel, Davis",669721,"LAA","FF","4-Seam Fastball",-0.9,-2,"243",47.8,"59","0.316","0.579","0.39",14.8,22,18.6,"0.256","0.435","0.306",56.8
"Faucher, Calvin",676534,"MIA","FF","4-Seam Fastball",0.4,1,"328",33.2,"59","0.156","0.244","0.285",30.1,35.6,18.6,"0.18","0.345","0.326",44
"Morgan, Eli",669212,"CLE","FF","4-Seam Fastball",1.5,4,"260",40.2,"59","0.176","0.314","0.284",18.6,16.9,14.9,"0.161","0.257","0.242",33.3
"Otañez, Michel",671305,"OAK","FF","4-Seam Fastball",0.4,1,"244",40.6,"59","0.167","0.238","0.303",39.5,42.4,26.6,"0.115","0.171","0.283",31.6
"Martin, Chris",455119,"BOS","FF","4-Seam Fastball",0.2,0,"203",30.9,"59","0.25","0.393","0.307",18.9,37.3,26.5,"0.259","0.404","0.305",48.6
"Springs, Jeffrey",605488,"TB","FF","4-Seam Fastball",-0.7,-2,"240",42.5,"59","0.216","0.49","0.337",17,22,16.7,"0.211","0.435","0.337",61.5
"Phillips, Evan",623465,"LAD","FF","4-Seam Fastball",1.5,5,"335",36.5,"59","0.216","0.294","0.303",35.1,37.3,22.9,"0.181","0.273","0.264",31
"Ruiz, José",614179,"PHI","FF","4-Seam Fastball",0.4,1,"235",28.1,"59","0.275","0.529","0.365",29.6,30.5,21.7,"0.257","0.481","0.353",48.6
"Eflin, Zach",621107,"BAL","FF","4-Seam Fastball",-1,-2,"205",8.4,"58","0.245","0.434","0.312",24.3,32.8,18.8,"0.197","0.387","0.279",37.1
"Moll, Sam",594580,"CIN","FF","4-Seam Fastball",-0.6,-2,"237",38,"58","0.259","0.463","0.334",24.8,27.6,15.8,"0.175","0.315","0.245",31.6
"Pérez, Cionel",672335,"BAL","FF","4-Seam Fastball",-0.8,-2,"209",24.2,"58","0.289","0.356","0.377",20.4,12.1,14,"0.259","0.328","0.355",28.9
"Slaten, Justin",686580,"BOS","FF","4-Seam Fastball",2.3,5,"237",29.2,"58","0.151","0.17","0.206",26.6,31,23.1,"0.158","0.224","0.211",22.9
"Cabrera, Génesis",650893,"TOR","FF","4-Seam Fastball",-4.4,-8,"182",17.7,"58","0.373","0.765","0.505",18.5,19,14.1,"0.26","0.5","0.368",57.5
"Farmer, Buck",571656,"CIN","FF","4-Seam Fastball",0.5,1,"238",20.3,"58","0.216","0.412","0.333",15.5,15.5,10.8,"0.25","0.466","0.351",47.6
"Cleavinger, Garrett",664076,"TB","FF","4-Seam Fastball",1.2,3,"263",24.9,"57","0.089","0.2","0.242",24.2,35.1,21.7,"0.151","0.278","0.293",24
"Holton, Tyler",663947,"DET","FF","4-Seam Fastball",4.2,8,"200",14.9,"57","0.109","0.145","0.132",26.3,31.6,22.5,"0.145","0.206","0.17",32.4
"Civale, Aaron",650644,"MIL","FF","4-Seam Fastball",-2.7,-7,"263",9.7,"57","0.308","0.558","0.412",8.9,17.5,9.9,"0.217","0.433","0.313",45.2
"Sammons, Bryan",676614,"DET","FF","4-Seam Fastball",4.8,7,"147",39.3,"56","0.059","0.137","0.137",20.7,19.6,21.2,"0.132","0.291","0.225",30
"Javier, Cristian",664299,"HOU","FF","4-Seam Fastball",-0.9,-2,"224",39.3,"56","0.256","0.535","0.404",27,23.2,22.8,"0.211","0.471","0.379",48.4
"Ross, Joe",605452,"MIL","FF","4-Seam Fastball",-3.5,-7,"194",16.2,"56","0.3","0.52","0.388",27.9,33.9,18.6,"0.231","0.456","0.335",51.6
"Thornton, Trent",663423,"SEA","FF","4-Seam Fastball",0.4,1,"226",19.8,"56","0.245","0.449","0.338",30.9,33.9,29.7,"0.216","0.377","0.303",48.4
"Petersen, Michael",656848,"MIA","FF","4-Seam Fastball",-0.6,-1,"230",63.4,"55","0.222","0.422","0.337",19.7,14.5,10.1,"0.209","0.396","0.325",34.2
"Rodríguez, Yerry",666720,"TOR","FF","4-Seam Fastball",-1.1,-3,"247",56.4,"55","0.268","0.439","0.403",19.1,14.5,10.1,"0.301","0.547","0.452",51.4
"Ramirez, Emmanuel",642629,"MIA","FF","4-Seam Fastball",-1.4,-3,"198",53.4,"54","0.34","0.702","0.457",13.4,11.1,14,"0.339","0.585","0.425",50
"Varland, Gus",681402,"CWS","FF","4-Seam Fastball",1.7,4,"253",55.6,"54","0.25","0.313","0.297",22.7,24.1,17.6,"0.215","0.307","0.278",37.1
"King, Bryan",687911,"HOU","FF","4-Seam Fastball",2,4,"217",52.2,"54","0.152","0.217","0.24",24.5,38.9,25,"0.154","0.194","0.232",40
"Ort, Kaleb",672391,"HOU","FF","4-Seam Fastball",0,0,"203",55.5,"54","0.173","0.481","0.284",25.2,35.2,28.8,"0.227","0.426","0.294",39.4
"Soriano, George",666277,"MIA","FF","4-Seam Fastball",0.8,2,"223",43,"53","0.167","0.286","0.285",19.6,15.1,12.9,"0.219","0.337","0.321",42.9
"Minter, A.J.",621345,"ATL","FF","4-Seam Fastball",1.5,4,"249",47.7,"53","0.208","0.396","0.298",20,11.3,10.5,"0.243","0.483","0.344",35.7
"Burr, Ryan",621114,"TOR","FF","4-Seam Fastball",0.1,0,"224",39.3,"52","0.256","0.465","0.373",22.7,25,21.3,"0.201","0.389","0.328",53.3
"Black, Mason",696131,"SF","FF","4-Seam Fastball",-2.4,-5,"210",31.7,"52","0.333","0.548","0.427",23.1,26.9,15.6,"0.316","0.588","0.44",48.3
"Milner, Hoby",571948,"MIL","FF","4-Seam Fastball",2.1,5,"214",20.5,"52","0.082","0.163","0.138",26.5,48.1,21.4,"0.139","0.212","0.183",20.8
"Núñez, Dedniel",673380,"NYM","FF","4-Seam Fastball",2,5,"248",47.6,"52","0.235","0.373","0.288",25.2,17.3,16.7,"0.269","0.451","0.315",33.3
"Kelly, Merrill",518876,"AZ","FF","4-Seam Fastball",-2.3,-5,"226",19.8,"52","0.28","0.62","0.422",20,25,21.3,"0.273","0.706","0.42",59.5
"Boyd, Matthew",571510,"CLE","FF","4-Seam Fastball",0.8,2,"259",38.7,"52","0.209","0.349","0.305",23.8,28.8,22.1,"0.227","0.328","0.305",44.8
"Soriano, José",667755,"LAA","FF","4-Seam Fastball",-2.4,-6,"254",14.6,"52","0.356","0.622","0.472",10.3,15.4,10.3,"0.287","0.526","0.391",59.5
"Rosenberg, Kenny",670046,"LAA","FF","4-Seam Fastball",-1.6,-3,"196",48.6,"51","0.341","0.568","0.431",19,9.8,10,"0.326","0.585","0.432",48.7
"Uceta, Edwin",670955,"TB","FF","4-Seam Fastball",2.5,7,"269",40,"51","0.133","0.178","0.192",36.9,45.1,25.6,"0.122","0.182","0.187",34.8
"Yarbrough, Ryan",642232,"TOR","FF","4-Seam Fastball",0,0,"278",18.4,"51","0.195","0.366","0.321",21.2,23.5,15.4,"0.23","0.397","0.345",33.3
"López, Jorge",605347,"CHC","FF","4-Seam Fastball",1.8,3,"157",19.6,"51","0.234","0.468","0.327",15.3,25.5,25,"0.235","0.477","0.332",55.9
"Winn, Keaton",676775,"SF","FF","4-Seam Fastball",-1.3,-3,"223",25.4,"51","0.214","0.5","0.339",27.2,29.4,20.3,"0.189","0.383","0.305",51.7
"Singer, Brady",663903,"KC","FF","4-Seam Fastball",-2.3,-8,"326",11,"50","0.34","0.617","0.437",18.4,10,6.8,"0.351","0.647","0.434",46.5
"Thompson, Keegan",624522,"CHC","FF","4-Seam Fastball",0.1,0,"202",37.5,"50","0.195","0.439","0.36",27,24,20,"0.211","0.463","0.359",41.4
"Roycroft, Chris",688297,"STL","FF","4-Seam Fastball",1.9,4,"193",32.4,"49","0.158","0.184","0.232",33,36.7,23.4,"0.133","0.164","0.217",13
"Sandoval, Patrick",663776,"LAA","FF","4-Seam Fastball",-2.4,-6,"230",15.9,"49","0.39","0.537","0.452",15.3,14.3,11.1,"0.264","0.47","0.377",44.1
"Hendricks, Kyle",543294,"CHC","FF","4-Seam Fastball",-1.8,-5,"269",12.6,"49","0.237","0.553","0.411",20,24.5,14.6,"0.239","0.557","0.414",53.8
"Vieira, Thyago",600986,"AZ","FF","4-Seam Fastball",-0.2,0,"167",22.7,"48","0.205","0.487","0.349",23.8,27.1,23.2,"0.198","0.428","0.334",55.6
"Montero, Rafael",606160,"HOU","FF","4-Seam Fastball",-0.9,-3,"306",44.8,"48","0.22","0.61","0.393",25.2,16.7,8.9,"0.22","0.476","0.353",48.5
"Law, Derek",571882,"WSH","FF","4-Seam Fastball",0.2,0,"185",13.5,"47","0.256","0.419","0.309",18.6,23.4,15.1,"0.251","0.414","0.309",45.5
"Marinaccio, Ron",676760,"NYY","FF","4-Seam Fastball",1.9,4,"201",50.9,"47","0.15","0.2","0.249",27.3,25.5,23.1,"0.166","0.219","0.241",37.9
"Taylor, Troy",700187,"SEA","FF","4-Seam Fastball",-0.1,0,"188",57.3,"47","0.22","0.415","0.323",15.8,23.4,19.6,"0.226","0.37","0.314",33.3
"Houser, Adrian",605288,"NYM","FF","4-Seam Fastball",-0.6,-1,"190",16.8,"47","0.179","0.333","0.299",19.3,25.5,17.6,"0.242","0.46","0.366",48.1
"Johnson, Pierce",572955,"ATL","FF","4-Seam Fastball",0.4,1,"221",24.1,"47","0.194","0.25","0.313",26.6,29.8,17.7,"0.198","0.245","0.31",31.8
"Barlow, Scott",605130,"CLE","FF","4-Seam Fastball",-1,-2,"214",20.9,"46","0.325","0.5","0.401",17.2,10.9,13.9,"0.347","0.453","0.391",54.3
"Devenski, Chris",606965,"TB","FF","4-Seam Fastball",-4.1,-7,"163",30.6,"46","0.289","0.974","0.542",15.1,10.9,8.2,"0.255","0.705","0.45",48.5
"Garrett, Reed",657585,"NYM","FF","4-Seam Fastball",-4.3,-7,"167",17,"46","0.389","0.667","0.505",27,21.7,19.2,"0.259","0.458","0.391",46.2
"Schreiber, John",670167,"KC","FF","4-Seam Fastball",-0.3,-1,"221",24.7,"46","0.27","0.405","0.371",20,30.4,17.5,"0.251","0.333","0.341",39.1
"Gonzales, Marco",594835,"PIT","FF","4-Seam Fastball",-1.5,-3,"175",32.1,"46","0.35","0.5","0.406",13.6,13,10.3,"0.327","0.657","0.447",57.1
"Martin, Davis",663436,"CWS","FF","4-Seam Fastball",-1.6,-4,"253",28.4,"46","0.371","0.457","0.445",20.4,21.7,14.1,"0.279","0.379","0.386",36
"Baker, Bryan",641329,"BAL","FF","4-Seam Fastball",-1.4,-3,"180",48.6,"45","0.286","0.571","0.382",30.2,33.3,23.8,"0.235","0.393","0.297",55.6
"Gallegos, Giovanny",606149,"STL","FF","4-Seam Fastball",-3.9,-7,"174",43.4,"45","0.324","0.784","0.522",6.9,15.6,13.2,"0.301","0.54","0.419",60
"Palencia, Daniel",694037,"CHC","FF","4-Seam Fastball",-1.9,-3,"149",56.7,"44","0.314","0.457","0.408",22.5,22.7,30.3,"0.27","0.383","0.368",60
"Holman, Grant",680880,"OAK","FF","4-Seam Fastball",1.5,2,"155",53.1,"44","0.222","0.278","0.307",22.7,18.2,19.5,"0.242","0.299","0.32",25
"Webb, Logan",657277,"SF","FF","4-Seam Fastball",-0.5,-1,"174",5.4,"43","0.175","0.225","0.212",34.2,46.5,16.4,"0.218","0.3","0.259",45
"Madden, Ty",680744,"DET","FF","4-Seam Fastball",1.4,2,"167",41.4,"43","0.205","0.308","0.271",15.7,18.6,15.1,"0.234","0.408","0.301",46.9
"García, Deivi",665620,"CWS","FF","4-Seam Fastball",0.5,1,"158",55.8,"43","0.278","0.389","0.357",34.7,23.3,25,"0.26","0.417","0.357",46.2
"Bush, Ky",681066,"CWS","FF","4-Seam Fastball",-3.9,-6,"167",50.9,"43","0.412","0.647","0.527",18.8,9.3,11.1,"0.345","0.503","0.436",60
"Basso, Brady",669620,"OAK","FF","4-Seam Fastball",2.2,4,"165",47.1,"43","0.225","0.325","0.271",16.5,14,15,"0.274","0.41","0.323",50
"Allard, Kolby",663465,"PHI","FF","4-Seam Fastball",-2.4,-4,"180",41.3,"42","0.368","0.711","0.479",15.8,19,14,"0.29","0.558","0.39",40
"Williams, Devin",642207,"MIL","FF","4-Seam Fastball",2.1,4,"209",53.5,"42","0.111","0.25","0.229",32.7,38.1,26.2,"0.144","0.246","0.243",35
"Kittredge, Andrew",552640,"STL","FF","4-Seam Fastball",1.6,2,"129",12.5,"42","0.211","0.342","0.286",18.8,23.8,18.9,"0.204","0.288","0.241",24.1
"Floro, Dylan",571670,"AZ","FF","4-Seam Fastball",0.6,1,"145",14.2,"42","0.184","0.289","0.251",19.1,21.4,13,"0.228","0.382","0.303",41.4
"Zerpa, Angel",672582,"KC","FF","4-Seam Fastball",-1.1,-2,"205",21.6,"42","0.316","0.474","0.375",14.9,16.7,16.7,"0.284","0.43","0.344",51.6
"Bubic, Kris",663460,"KC","FF","4-Seam Fastball",2.1,4,"207",44.3,"42","0.205","0.436","0.272",34.7,52.4,33.8,"0.182","0.319","0.23",31.6
"McCaughan, Darren",670766,"MIA","FF","4-Seam Fastball",1.1,2,"138",19.3,"41","0.243","0.405","0.318",18,19.5,21.6,"0.22","0.427","0.318",44.8
"Sauer, Matt",669422,"KC","FF","4-Seam Fastball",-2.9,-4,"149",45.6,"41","0.414","0.655","0.512",9.9,9.8,11.4,"0.293","0.533","0.443",50
"Ramírez, Yohan",670990,"BOS","FF","4-Seam Fastball",1.9,2,"131",17.1,"41","0.219","0.313","0.346",20.3,17.1,25,"0.185","0.216","0.281",19.2
"Kershaw, Clayton",477132,"LAD","FF","4-Seam Fastball",-2,-3,"174",34.5,"41","0.429","0.514","0.462",7.9,4.9,5.1,"0.414","0.557","0.459",44.1
"Ellard, Fraser",686642,"CWS","FF","4-Seam Fastball",-0.8,-2,"240",55.6,"41","0.188","0.5","0.357",24.7,24.4,16.1,"0.205","0.421","0.346",47.8
"Aldegheri, Sam",691951,"LAA","FF","4-Seam Fastball",-3,-4,"126",56.8,"40","0.313","0.531","0.456",19.4,10,22.2,"0.27","0.491","0.379",51.7
"Chafin, Andrew",605177,"TEX","FF","4-Seam Fastball",1.7,2,"144",14.9,"40","0.156","0.344","0.33",18.2,22.5,26.5,"0.218","0.499","0.381",47.8
"Speier, Gabe",642100,"SEA","FF","4-Seam Fastball",4.1,6,"147",34.8,"40","0.091","0.152","0.19",31.5,42.5,32.1,"0.111","0.2","0.218",17.6
"Germán, Domingo",593334,"PIT","FF","4-Seam Fastball",-3.4,-5,"149",39.9,"40","0.344","0.531","0.443",10.7,12.5,15.2,"0.316","0.506","0.421",40.7
"Sánchez, Sixto",664350,"MIA","FF","4-Seam Fastball",-1,-2,"184",29.6,"40","0.241","0.414","0.418",10.5,12.5,8.6,"0.242","0.372","0.382",66.7
"France, J.P.",641585,"HOU","FF","4-Seam Fastball",-1.8,-3,"137",29.4,"40","0.375","0.563","0.446",15.1,2.5,4.8,"0.364","0.624","0.467",40.6
"Brazobán, Huascar",623211,"NYM","FF","4-Seam Fastball",1.1,2,"192",21.4,"39","0.152","0.182","0.255",15.6,17.9,12.7,"0.234","0.294","0.303",26.9
"Criswell, Jeff",676105,"COL","FF","4-Seam Fastball",-1.7,-3,"152",42.9,"39","0.394","0.606","0.486",28.9,15.4,19.4,"0.357","0.607","0.459",40.7
"Garabito, Gerson",642520,"TEX","FF","4-Seam Fastball",-2.8,-5,"189",38.4,"39","0.31","0.69","0.478",17,15.4,9.4,"0.388","0.875","0.569",56
"Peralta, Luis",678821,"COL","FF","4-Seam Fastball",2.4,3,"137",75.7,"39","0.161","0.194","0.238",15.3,25.6,35.7,"0.21","0.277","0.292",43.5
"Bigge, Hunter",685801,"TB","FF","4-Seam Fastball",0.8,1,"177",59,"39","0.257","0.371","0.317",26.7,28.2,24.4,"0.222","0.358","0.295",58.3
"Peralta, Sammy",671111,"CWS","FF","4-Seam Fastball",0.3,0,"130",46.1,"38","0.265","0.353","0.338",10.2,7.9,9.1,"0.258","0.396","0.325",48.4
"Anderson, Chase",502624,"TEX","FF","4-Seam Fastball",-3.2,-5,"154",15.2,"38","0.367","0.6","0.499",22.2,21.1,13.3,"0.316","0.568","0.443",72.7
"Rasmussen, Drew",656876,"TB","FF","4-Seam Fastball",2.8,5,"173",37.7,"38","0.171","0.2","0.23",30.8,28.9,22.9,"0.182","0.28","0.239",45.8
"Bielak, Brandon",656232,"OAK","FF","4-Seam Fastball",-1.6,-2,"116",22.7,"37","0.333","0.407","0.427",10.4,5.4,7.7,"0.294","0.645","0.48",48
"Winn, Cole",668390,"TEX","FF","4-Seam Fastball",0.7,1,"120",42,"37","0.219","0.313","0.276",17.5,18.9,16.7,"0.212","0.342","0.294",42.3
"Okert, Steven",595345,"MIN","FF","4-Seam Fastball",-3.1,-4,"146",23.7,"37","0.424","0.636","0.484",8.2,8.1,6.8,"0.371","0.622","0.455",46.7
"Brito, Jhony",666745,"SD","FF","4-Seam Fastball",-0.1,0,"157",25,"37","0.222","0.417","0.282",13.4,10.8,11.8,"0.25","0.485","0.321",50
"Blewett, Scott",656240,"MIN","FF","4-Seam Fastball",0,0,"129",40.4,"37","0.333","0.433","0.404",17.9,16.2,18.8,"0.269","0.321","0.341",62.5
"Festa, Matt",670036,"TEX","FF","4-Seam Fastball",0.9,1,"154",40,"37","0.143","0.343","0.227",29.2,29.7,18.3,"0.208","0.339","0.26",41.7
"Fitts, Richard",690916,"BOS","FF","4-Seam Fastball",1.2,2,"140",44.6,"37","0.2","0.267","0.3",16.2,8.1,7,"0.3","0.501","0.392",44.8
"Anderson, Nick",623433,"KC","FF","4-Seam Fastball",-3.2,-5,"140",24.4,"37","0.375","0.844","0.534",17.6,18.9,17.5,"0.341","0.755","0.49",68
"Rodríguez, Manuel",655889,"TB","FF","4-Seam Fastball",2.6,3,"135",22.3,"37","0.103","0.103","0.205",28.3,27,27,"0.175","0.217","0.268",25
"Smith, Drew",622098,"NYM","FF","4-Seam Fastball",-0.1,0,"152",46.3,"37","0.219","0.438","0.314",24.4,32.4,23.1,"0.218","0.403","0.324",47.6
"Ottavino, Adam",493603,"NYM","FF","4-Seam Fastball",2.3,2,"100",10,"36","0.118","0.147","0.149",34.8,58.3,36.2,"0.105","0.161","0.147",46.2
"Kelly, Joe",523260,"LAD","FF","4-Seam Fastball",-2,-3,"134",24.3,"36","0.3","0.533","0.403",15.9,27.8,20.4,"0.283","0.579","0.413",57.1
"Mahle, Tyler",641816,"TEX","FF","4-Seam Fastball",-0.3,0,"121",52.8,"36","0.25","0.469","0.328",26.2,19.4,17.1,"0.278","0.426","0.333",38.5
"Lazar, Max",676661,"PHI","FF","4-Seam Fastball",-1.2,-2,"131",61.2,"35","0.265","0.471","0.349",20,17.1,15,"0.278","0.408","0.308",42.9
"Kahnle, Tommy",592454,"NYY","FF","4-Seam Fastball",-3.1,-5,"146",19.5,"35","0.286","0.536","0.469",25.5,22.9,15.7,"0.267","0.489","0.396",55
"Anderson, Grant",681982,"TEX","FF","4-Seam Fastball",-7.3,-10,"133",27.5,"35","0.344","1.094","0.594",34.3,28.6,22.2,"0.284","0.778","0.463",50
"Bassitt, Chris",605135,"TOR","FF","4-Seam Fastball",-1.4,-2,"131",4.4,"35","0.25","0.406","0.317",25.4,34.3,19.7,"0.228","0.321","0.278",30
"Merryweather, Julian",657240,"CHC","FF","4-Seam Fastball",-0.2,0,"119",43.8,"35","0.222","0.407","0.364",17.3,17.1,20.7,"0.274","0.383","0.379",61.9
"Phillips, Tyler",663969,"PHI","FF","4-Seam Fastball",2.6,3,"111",19.2,"34","0.235","0.412","0.276",22.2,14.7,26.3,"0.306","0.553","0.367",24.1
"Veneziano, Anthony",685107,"MIA","FF","4-Seam Fastball",-3.2,-4,"113",46.7,"34","0.321","0.536","0.435",21.9,20.6,17.1,"0.209","0.309","0.276",47.8
"Burdi, Nick",595897,"NYY","FF","4-Seam Fastball",0.7,1,"126",60,"34","0.125","0.25","0.344",27.8,26.5,21.4,"0.096","0.188","0.292",33.3
"Hernández, Elieser",622694,"MIL","FF","4-Seam Fastball",0,0,"108",43,"33","0.207","0.448","0.326",17,15.2,14.3,"0.301","0.536","0.398",62.5
"Stewart, Brock",592779,"MIN","FF","4-Seam Fastball",-1.3,-2,"122",45.5,"33","0.269","0.423","0.383",29.7,30.3,23.3,"0.211","0.307","0.323",50
"Dana, Caden",702674,"LAA","FF","4-Seam Fastball",-7.3,-8,"108",52.4,"33","0.462","1.038","0.62",16.7,6.1,8,"0.328","0.74","0.483",40
"Gasser, Robert",688107,"MIL","FF","4-Seam Fastball",2.3,2,"73",18.3,"33","0.226","0.226","0.233",10.9,6.1,5.9,"0.266","0.319","0.283",20.7
"White, Mitch",669952,"MIL","FF","4-Seam Fastball",-0.3,-1,"145",35.1,"32","0.259","0.481","0.352",15.6,12.5,9.5,"0.244","0.368","0.312",41.7
"Walker, Taijuan",592836,"PHI","FF","4-Seam Fastball",-3.9,-7,"180",12.5,"32","0.385","0.692","0.503",23.2,28.1,18,"0.363","0.606","0.468",76.5
"Matzek, Tyler",554431,"ATL","FF","4-Seam Fastball",-3.1,-4,"120",67,"32","0.414","0.793","0.528",12.9,15.6,19.2,"0.375","0.76","0.5",58.3
"Warren, Will",701542,"NYY","FF","4-Seam Fastball",2.4,3,"140",30.6,"32","0.074","0.222","0.211",24.6,34.4,20,"0.134","0.279","0.257",43.8
"Jackson, Jay",543351,"MIN","FF","4-Seam Fastball",2.3,3,"116",25.6,"32","0.172","0.207","0.217",21.3,37.5,28.6,"0.183","0.236","0.23",47.1
"Burke, Sean",680732,"CWS","FF","4-Seam Fastball",0.6,1,"122",39.5,"32","0.172","0.448","0.297",23.9,25,22.2,"0.246","0.466","0.339",52.4
"Thompson, Zack",668868,"STL","FF","4-Seam Fastball",-3,-3,"113",35.6,"32","0.346","0.654","0.461",21.2,25,24.2,"0.292","0.536","0.419",61.1
"Brewer, Colten",605155,"CHC","FF","4-Seam Fastball",-2.7,-4,"158",40.4,"31","0.4","0.68","0.468",13.9,16.1,11.6,"0.406","0.715","0.48",39.1
"Martinez, Justin",679885,"AZ","FF","4-Seam Fastball",-1,-1,"139",11.8,"31","0.2","0.32","0.333",27,32.3,14.1,"0.223","0.324","0.312",56.3
"Brasier, Ryan",518489,"LAD","FF","4-Seam Fastball",4.7,5,"112",29.9,"31","0.111","0.111","0.155",27.5,38.7,28.6,"0.19","0.271","0.242",50
"Sborz, Josh",622250,"TEX","FF","4-Seam Fastball",1.2,2,"130",45.8,"31","0.214","0.286","0.265",19.4,25.8,15.1,"0.276","0.454","0.35",55
"Jiménez, Dany",666204,"OAK","FF","4-Seam Fastball",-2.5,-4,"169",37.6,"31","0.308","0.808","0.513",12.3,6.5,8,"0.326","0.842","0.523",50
"Senzatela, Antonio",622608,"COL","FF","4-Seam Fastball",-1.6,-2,"125",57.3,"31","0.385","0.692","0.497",18.2,9.7,8.8,"0.37","0.722","0.499",56.5
"Sulser, Cole",642121,"TB","FF","4-Seam Fastball",2.5,4,"143",49,"30","0.136","0.182","0.25",17.1,16.7,12.8,"0.26","0.465","0.38",57.9
"O'Loughlin, Jack",672552,"OAK","FF","4-Seam Fastball",-1.4,-1,"92",52.3,"30","0.36","0.56","0.447",6.4,10,10.7,"0.362","0.556","0.445",59.1
"Hamilton, Ian",641656,"NYY","FF","4-Seam Fastball",1.1,2,"136",22,"30","0.167","0.292","0.25",25.9,30,21.4,"0.176","0.277","0.261",35.3
"Walston, Blake",686796,"AZ","FF","4-Seam Fastball",1.4,2,"112",32.7,"30","0.125","0.25","0.267",23.9,30,23.7,"0.175","0.321","0.308",26.7
"Bazardo, Eduard",660825,"SEA","FF","4-Seam Fastball",1.1,1,"121",27.4,"30","0.24","0.36","0.333",23.3,23.3,21.9,"0.193","0.351","0.311",38.9
"Hicks, Jordan",663855,"SF","FF","4-Seam Fastball",-3.2,-3,"105",5.4,"30","0.227","0.364","0.348",26.2,26.7,13.6,"0.298","0.559","0.436",60
"Corbin, Patrick",571578,"WSH","FF","4-Seam Fastball",-3.1,-5,"159",5.5,"30","0.346","0.615","0.455",7.4,3.3,3.7,"0.403","0.637","0.461",42.3
"Ferrer, Jose A.",678606,"WSH","FF","4-Seam Fastball",-0.4,0,"97",20.4,"30","0.28","0.32","0.315",22.6,30,19.1,"0.194","0.214","0.253",35.3
"Junis, Jakob",596001,"CIN","FF","4-Seam Fastball",3.6,3,"91",9.7,"30","0.103","0.103","0.113",20.4,26.7,12.9,"0.167","0.203","0.18",19
"Englert, Mason",669438,"DET","FF","4-Seam Fastball",-1.3,-1,"98",26.8,"29","0.269","0.615","0.4",7.5,10.3,9.4,"0.303","0.604","0.418",52.2
"Cimber, Adam",643256,"LAA","FF","4-Seam Fastball",-0.9,-1,"129",31,"29","0.292","0.375","0.362",12.7,13.8,8.7,"0.342","0.494","0.416",30
"Kelly, Michael",547184,"OAK","FF","4-Seam Fastball",1.1,2,"150",31.9,"29","0.192","0.192","0.228",23.3,27.6,15.7,"0.175","0.227","0.227",5.6
"Cuas, Jose",621016,"TOR","FF","4-Seam Fastball",-0.3,0,"106",33.2,"29","0.208","0.375","0.326",33.3,27.6,22.9,"0.233","0.564","0.396",50
"Soto, Gregory",642397,"BAL","FF","4-Seam Fastball",-2.6,-3,"101",10.5,"29","0.333","0.381","0.422",32.6,34.5,18.9,"0.253","0.327","0.374",45.5
"Ryan, River",689981,"LAD","FF","4-Seam Fastball",-1,-1,"118",40,"29","0.227","0.409","0.374",11.8,10.3,12,"0.271","0.523","0.422",47.4
"Lucas, Easton",687922,"TOR","FF","4-Seam Fastball",-0.2,0,"133",54.1,"29","0.261","0.391","0.369",16.4,20.7,14.3,"0.23","0.335","0.339",35.3
"Means, John",607644,"BAL","FF","4-Seam Fastball",0.3,0,"120",37.5,"29","0.231","0.5","0.321",18.2,6.9,6.1,"0.281","0.624","0.409",60
"Hernández, Daysbel",678226,"ATL","FF","4-Seam Fastball",1.8,2,"140",42.4,"29","0.167","0.208","0.288",27.3,31,25,"0.125","0.161","0.224",26.7
"Bummer, Aaron",607481,"ATL","FF","4-Seam Fastball",2.5,2,"96",9.9,"29","0.16","0.2","0.233",25,34.5,22.2,"0.158","0.22","0.236",26.7
"Barnes, Matt",598264,"WSH","FF","4-Seam Fastball",2.1,2,"93",39.2,"29","0.259","0.333","0.29",18.8,17.2,17.9,"0.301","0.536","0.383",54.5
"Cisnero, José",542585,"LAA","FF","4-Seam Fastball",-3,-3,"100",31.9,"29","0.318","0.727","0.476",31.6,37.9,22.4,"0.259","0.61","0.438",41.7
"Romano, Jordan",605447,"TOR","FF","4-Seam Fastball",-1.1,-1,"103",47.9,"29","0.28","0.52","0.39",6.5,6.9,12.5,"0.375","0.638","0.47",56.5
"Elder, Bryce",693821,"ATL","FF","4-Seam Fastball",-3,-3,"107",12.4,"29","0.32","0.68","0.457",29.1,24.1,25.9,"0.243","0.472","0.356",44.4
"Pérez, Martín",527048,"SD","FF","4-Seam Fastball",-7.9,-8,"99",4.5,"28","0.409","0.864","0.6",4.3,7.1,4.5,"0.359","0.827","0.54",55
"Vines, Darius",670241,"ATL","FF","4-Seam Fastball",-3.9,-4,"97",37.7,"28","0.435","0.696","0.498",2.2,3.6,3.2,"0.399","0.665","0.475",60.9
"Hentges, Sam",656529,"CLE","FF","4-Seam Fastball",-2.8,-3,"104",29.6,"28","0.333","0.625","0.446",24,17.9,19.2,"0.242","0.484","0.363",47.4
"Beck, Tristan",663941,"SF","FF","4-Seam Fastball",1.7,2,"122",50.4,"28","0.13","0.217","0.254",20,17.9,19.2,"0.168","0.363","0.296",15.8
"Bickford, Phil",641360,"NYY","FF","4-Seam Fastball",-1.5,-2,"117",76,"28","0.32","0.48","0.416",23.9,10.7,10,"0.213","0.344","0.29",45.5
"Mercado, Michael",675650,"PHI","FF","4-Seam Fastball",-8.8,-11,"123",47.3,"28","0.476","1.381","0.745",14.5,17.9,16.7,"0.336","0.941","0.573",68.8
"Thompson, Ryan",657044,"AZ","FF","4-Seam Fastball",-0.7,-1,"100",10.2,"27","0.192","0.269","0.219",26,48.1,16.9,"0.219","0.361","0.264",38.5
"Zuñiga, Guillo",670871,"LAA","FF","4-Seam Fastball",3,3,"89",32.8,"27","0.167","0.292","0.226",17.4,14.8,14.8,"0.256","0.435","0.314",38.1
"Zeferjahn, Ryan",666171,"LAA","FF","4-Seam Fastball",3.3,2,"74",35.6,"27","0.13","0.13","0.178",37.1,33.3,34.6,"0.142","0.165","0.197",20
"Bello, Brayan",678394,"BOS","FF","4-Seam Fastball",0.1,0,"129",4.8,"27","0.12","0.16","0.172",21.4,29.6,9.8,"0.2","0.265","0.212",27.8
"Lovelady, Richard",663992,"TB","FF","4-Seam Fastball",-1.6,-2,"104",19.7,"27","0.4","0.68","0.48",24.1,18.5,15.6,"0.41","0.741","0.505",70
"Paredes, Enoli",660600,"CHC","FF","4-Seam Fastball",1.7,2,"129",40.4,"27","0.12","0.2","0.185",35.2,33.3,23.1,"0.216","0.46","0.317",43.8
"Cronin, Declan",686539,"MIA","FF","4-Seam Fastball",2.9,2,"79",7.2,"27","0.08","0.12","0.131",42.1,55.6,31.9,"0.077","0.097","0.123",30
"Halvorsen, Seth",678020,"COL","FF","4-Seam Fastball",0.7,1,"99",55.6,"26","0.25","0.375","0.304",24.4,30.8,22.9,"0.208","0.296","0.255",56.3
"Anderson, Shaun",641312,"MIA","FF","4-Seam Fastball",-4.5,-3,"74",30.3,"26","0.435","0.609","0.488",17.6,11.5,18.8,"0.342","0.504","0.385",38.1
"Chirinos, Yonny",630023,"MIA","FF","4-Seam Fastball",-5.4,-5,"85",16.5,"26","0.333","0.833","0.49",28.9,26.9,16.3,"0.282","0.629","0.387",38.9
"Klein, Will",694361,"OAK","FF","4-Seam Fastball",-0.7,-1,"83",56.8,"26","0.3","0.4","0.369",17.1,26.9,28,"0.294","0.373","0.36",35.7
"Wells, Tyler",669330,"BAL","FF","4-Seam Fastball",-3.6,-3,"89",34.4,"26","0.32","0.72","0.442",19.6,19.2,18.5,"0.335","0.745","0.462",55
"Robertson, Nick",687798,"TOR","FF","4-Seam Fastball",-2.1,-2,"97",44.7,"26","0.375","0.708","0.45",18.8,30.8,28.6,"0.301","0.563","0.367",58.8
"Lowder, Rhett",695076,"CIN","FF","4-Seam Fastball",-0.4,-1,"136",27.3,"25","0.222","0.222","0.34",27.8,12,6.8,"0.233","0.316","0.367",26.7
"Plesac, Zach",668676,"LAA","FF","4-Seam Fastball",-2.8,-3,"92",44.2,"25","0.304","0.783","0.468",6.5,0,0,"0.309","0.753","0.469",43.5
"Maldonado, Anthony",687424,"MIA","FF","4-Seam Fastball",2.2,2,"100",33.7,"25","0.174","0.261","0.228",8.5,4,4.2,"0.252","0.307","0.281",31.8
"Rocker, Kumar",677958,"TEX","FF","4-Seam Fastball",-1.3,-1,"93",42.7,"25","0.35","0.5","0.408",14.6,16,16.7,"0.252","0.415","0.339",52.9
"Priester, Quinn",682990,"BOS","FF","4-Seam Fastball",-1,-1,"110",13.6,"25","0.409","0.409","0.38",18.9,24,20.7,"0.355","0.419","0.368",41.2
"Hughes, Brandon",676714,"AZ","FF","4-Seam Fastball",-5.2,-6,"115",32.9,"25","0.4","1.1","0.604",17.3,16,12.5,"0.404","1.081","0.606",47.1
"Leone, Dominic",608678,"CWS","FF","4-Seam Fastball",-1.4,-1,"95",26.3,"24","0.333","0.556","0.402",29.8,12.5,9.7,"0.311","0.506","0.421",41.2
"Poteet, Cody",547001,"NYY","FF","4-Seam Fastball",1.1,1,"110",28.6,"24","0.167","0.167","0.288",19,25,15.8,"0.287","0.514","0.431",41.7
"Manoah, Alek",666201,"TOR","FF","4-Seam Fastball",0.1,0,"109",27.7,"24","0.143","0.19","0.327",34.1,16.7,20,"0.197","0.305","0.279",29.4
"Henriquez, Ronny",678692,"MIN","FF","4-Seam Fastball",-1.8,-2,"90",29.7,"24","0.273","0.5","0.358",12.5,12.5,10.3,"0.333","0.721","0.466",47.4
"Sabrowski, Erik",681870,"CLE","FF","4-Seam Fastball",2.4,3,"114",57.6,"24","0.143","0.143","0.2",33.9,41.7,32.3,"0.152","0.19","0.217",36.4
"Romero, JoJo",668941,"STL","FF","4-Seam Fastball",-1.7,-2,"91",9.9,"24","0.368","0.421","0.394",11.4,12.5,7.1,"0.446","0.696","0.508",47.1
"Tinoco, Jesus",622786,"MIA","FF","4-Seam Fastball",-4.6,-4,"85",13.2,"23","0.3","0.7","0.452",20.4,30.4,17.1,"0.317","0.743","0.477",46.2
"Waguespack, Jacob",621097,"TB","FF","4-Seam Fastball",-0.9,-1,"86",38.9,"23","0.333","0.333","0.439",34.3,17.4,15.4,"0.376","0.538","0.501",36.4
"Brooks, Aaron",605156,"OAK","FF","4-Seam Fastball",-2.4,-3,"112",27.8,"23","0.5","0.611","0.504",20.8,0,0,"0.376","0.461","0.456",42.1
"Adams, Austin",613534,"OAK","FF","4-Seam Fastball",-0.7,-1,"190",23.6,"23","0.278","0.889","0.491",24.3,4.3,5,"0.218","0.594","0.405",44.4
"Foley, Jason",671345,"DET","FF","4-Seam Fastball",-0.4,0,"68",7.5,"22","0.1","0.4","0.245",39.5,45.5,23.8,"0.136","0.369","0.254",60
"Bloss, Jake",814005,"HOU","FF","4-Seam Fastball",-2.5,-3,"104",43.7,"22","0.4","0.75","0.507",12.7,13.6,8.6,"0.368","0.703","0.478",35.3
"Tyler, Kyle",667725,"MIA","FF","4-Seam Fastball",-1.4,-1,"82",14.1,"22","0.238","0.429","0.302",16.3,13.6,16.7,"0.227","0.334","0.266",33.3
"Reynolds, Sean",669308,"SD","FF","4-Seam Fastball",1.1,1,"110",48.9,"22","0.211","0.263","0.288",35.4,40.9,32.1,"0.139","0.196","0.224",20
"Bachar, Lake",669199,"MIA","FF","4-Seam Fastball",-0.6,0,"77",47.8,"22","0.3","0.65","0.425",25.6,18.2,22.2,"0.264","0.463","0.347",43.8
"Kolek, Stephen",663568,"SD","FF","4-Seam Fastball",2.2,2,"103",12.9,"22","0.182","0.227","0.18",23.8,40.9,16.7,"0.22","0.248","0.206",30.8
"Strider, Spencer",675911,"ATL","FF","4-Seam Fastball",-1.6,-1,"91",51.1,"21","0.389","0.611","0.469",17,9.5,7.1,"0.376","0.629","0.468",43.8
"Junk, Janson",676083,"OAK","FF","4-Seam Fastball",-3.2,-3,"84",48,"21","0.438","0.875","0.555",18.6,23.8,16.1,"0.32","0.651","0.447",66.7
"Cano, Yennier",666974,"BAL","FF","4-Seam Fastball",1.9,2,"117",11.6,"21","0.111","0.111","0.152",29.6,33.3,15.6,"0.174","0.218","0.226",50
"Montgomery, Mason",682254,"TB","FF","4-Seam Fastball",0.7,1,"115",72.8,"21","0.176","0.294","0.338",43.1,33.3,21.9,"0.229","0.472","0.374",60
"Walker, Josh",677020,"NYM","FF","4-Seam Fastball",-4.4,-3,"73",34,"20","0.412","0.824","0.545",15.8,5,4.2,"0.34","0.652","0.463",50
"Berroa, Prelander",672860,"CWS","FF","4-Seam Fastball",-0.4,-1,"148",42.5,"20","0.333","0.4","0.418",20.3,10,6.5,"0.207","0.237","0.321",15.4
"McArthur, James",663704,"KC","FF","4-Seam Fastball",1.9,2,"82",9.1,"20","0.158","0.316","0.225",16.7,15,15,"0.214","0.412","0.289",31.3
"Castro, Miguel",612434,"AZ","FF","4-Seam Fastball",-4.9,-3,"69",29.7,"20","0.471","0.824","0.573",16.2,10,14.3,"0.337","0.539","0.427",46.7
"Miller, Ryan",668943,"LAA","FF","4-Seam Fastball",0.1,0,"93",42.5,"20","0.211","0.368","0.27",23.9,30,18.8,"0.175","0.319","0.235",30.8
"Kilian, Caleb",668873,"CHC","FF","4-Seam Fastball",1.5,1,"76",45.5,"20","0.235","0.235","0.285",7.9,5,4.5,"0.329","0.663","0.463",43.8
"Walters, Andrew",689958,"CLE","FF","4-Seam Fastball",3.8,3,"83",62.9,"20","0.059","0.118","0.133",30.6,15,12.5,"0.173","0.289","0.252",26.7
"Wingenter, Trey",622259,"CHC","FF","4-Seam Fastball",-2,-2,"89",49.7,"20","0.412","0.647","0.493",14.6,5,5,"0.315","0.589","0.432",62.5
"Casparius, Ben",676508,"LAD","FF","4-Seam Fastball",-0.8,-1,"76",48.7,"20","0.294","0.353","0.348",33.3,25,18.5,"0.32","0.479","0.398",33.3
"Clevinger, Mike",605182,"CWS","FF","4-Seam Fastball",0.9,1,"111",36.6,"20","0.167","0.333","0.305",27.8,20,16.7,"0.146","0.241","0.219",35.7
"Feyereisen, J.P.",656420,"LAD","FF","4-Seam Fastball",-0.7,-1,"82",45.8,"20","0.313","0.438","0.4",18.2,15,13.6,"0.297","0.514","0.417",30.8
"deGrom, Jacob",594798,"TEX","FF","4-Seam Fastball",-0.2,0,"79",45.9,"19","0.278","0.556","0.368",25.6,36.8,26.9,"0.183","0.363","0.255",81.8
"Lopez, Jacob",682052,"TB","FF","4-Seam Fastball",-1.4,-1,"75",42.1,"19","0.231","0.538","0.439",12.5,0,0,"0.226","0.514","0.432",38.5
"Legumina, Casey",668984,"CIN","FF","4-Seam Fastball",-1.1,-1,"83",50,"19","0.375","0.563","0.453",5.3,15.8,16.7,"0.279","0.433","0.366",61.5
"Beede, Tyler",595881,"CLE","FF","4-Seam Fastball",-2.9,-2,"78",29.4,"19","0.4","0.8","0.536",15.6,15.8,14.3,"0.276","0.357","0.348",38.5
"Garrett, Braxton",666129,"MIA","FF","4-Seam Fastball",0.9,1,"84",14.3,"19","0.263","0.316","0.255",21.9,36.8,26.9,"0.228","0.329","0.238",41.7
"Lange, Alex",656638,"DET","FF","4-Seam Fastball",0.5,0,"43",11.4,"19","0.1","0.1","0.379",14.3,15.8,25,"0.193","0.233","0.431",85.7
"Horn, Bailey",690544,"BOS","FF","4-Seam Fastball",-5.1,-4,"72",23.8,"19","0.375","0.75","0.558",17.1,10.5,10.5,"0.412","0.61","0.486",71.4
"Gómez, Yoendrys",672782,"NYY","FF","4-Seam Fastball",2.4,2,"77",36,"18","0.2","0.333","0.267",19.5,11.1,11.8,"0.281","0.559","0.375",71.4
"Hanifee, Brenan",669724,"DET","FF","4-Seam Fastball",-0.1,0,"64",14.3,"18","0.222","0.5","0.3",35.9,55.6,27,"0.172","0.294","0.197",50
"Mattson, Isaac",676755,"PIT","FF","4-Seam Fastball",1,1,"70",70,"18","0.083","0.083","0.283",15.6,22.2,18.2,"0.243","0.289","0.389",25
"Allen, Logan",663531,"AZ","FF","4-Seam Fastball",-6,-5,"89",18.9,"18","0.563","0.875","0.628",12.8,16.7,10.7,"0.513","0.831","0.589",69.2
"Cosgrove, Tom",676680,"SD","FF","4-Seam Fastball",-4,-3,"70",21.7,"18","0.412","0.647","0.469",23.3,33.3,15.4,"0.237","0.34","0.274",36.4
"Aguiar, Julian",687924,"CIN","FF","4-Seam Fastball",-3.3,-2,"73",13.8,"18","0.333","0.8","0.558",13.9,27.8,20,"0.284","0.758","0.475",70
"Herget, Kevin",643361,"MIL","FF","4-Seam Fastball",2.3,2,"71",47,"18","0.133","0.2","0.236",21.2,16.7,15,"0.389","0.626","0.482",50
"Rogers, Josh",642028,"COL","FF","4-Seam Fastball",-5.6,-3,"61",35.9,"18","0.438","0.688","0.508",0,0,0,"0.439","0.684","0.505",56.3
"Winckowski, Josh",670174,"BOS","FF","4-Seam Fastball",0.3,0,"65",5.2,"18","0.167","0.167","0.15",29,50,17.3,"0.174","0.206","0.166",44.4
"Jacob, Alek",689690,"SD","FF","4-Seam Fastball",-1.3,-1,"51",22,"17","0.2","0.4","0.306",45,47.1,34.8,"0.152","0.324","0.259",57.1
"Strzelecki, Peter",657265,"CLE","FF","4-Seam Fastball",1.2,1,"80",41.7,"17","0.267","0.333","0.315",24.4,17.6,12.5,"0.205","0.247","0.255",16.7
"Williamson, Brandon",682227,"CIN","FF","4-Seam Fastball",-0.6,0,"66",25.8,"17","0.313","0.563","0.35",16.1,29.4,16.7,"0.153","0.293","0.203",50
"Avila, Nick",687014,"SF","FF","4-Seam Fastball",0.8,1,"78",34.7,"17","0.2","0.467","0.297",33.3,52.9,25,"0.197","0.465","0.342",75
"Espino, Paolo",502179,"TOR","FF","4-Seam Fastball",-6.8,-4,"52",32.9,"17","0.462","1","0.629",4.8,0,0,"0.433","0.961","0.613",61.5
"Waldrep, Hurston",694462,"ATL","FF","4-Seam Fastball",-8.2,-4,"53",39.8,"17","0.308","0.769","0.559",5.9,5.9,11.1,"0.243","0.444","0.387",50
"García, Luis",472610,"BOS","FF","4-Seam Fastball",-2.1,-1,"52",5.8,"16","0.286","0.429","0.413",15.4,18.8,11.5,"0.265","0.335","0.316",45.5
"Treinen, Blake",595014,"LAD","FF","4-Seam Fastball",-0.2,0,"82",11.1,"16","0.25","0.438","0.291",11.4,37.5,17.6,"0.122","0.258","0.161",30
"Marte, José",665896,"LAA","FF","4-Seam Fastball",-2.3,-2,"72",23.2,"16","0.25","0.583","0.434",24.4,12.5,9.5,"0.386","0.79","0.548",80
"Newcomb, Sean",656794,"OAK","FF","4-Seam Fastball",-2.2,-2,"87",47.3,"16","0.385","0.692","0.49",19.6,6.3,4.8,"0.284","0.562","0.402",38.5
"Iriarte, Jairo",683568,"CWS","FF","4-Seam Fastball",0.3,0,"63",46,"16","0.167","0.167","0.3",4.8,6.3,6.3,"0.23","0.253","0.336",41.7
"Altavilla, Dan",656186,"KC","FF","4-Seam Fastball",-4.3,-2,"48",57.8,"16","0.333","0.583","0.469",30.4,25,44.4,"0.27","0.569","0.44",50
"Neely, Jack",680891,"CHC","FF","4-Seam Fastball",-4.5,-2,"52",53.1,"15","0.429","0.857","0.553",26.9,6.7,20,"0.394","0.782","0.512",61.5
"Adon, Joan",672851,"WSH","FF","4-Seam Fastball",1.9,1,"62",34.8,"15","0.214","0.214","0.227",6.3,6.7,6.7,"0.198","0.227","0.224",23.1
"Ribalta, Orlando",687377,"WSH","FF","4-Seam Fastball",-4.7,-2,"45",46.4,"15","0.538","0.615","0.537",26.7,13.3,12.5,"0.32","0.392","0.361",36.4
"Coulombe, Danny",543056,"BAL","FF","4-Seam Fastball",2.6,2,"68",14.6,"15","0.083","0.083","0.214",13,20,13.6,"0.194","0.244","0.302",44.4
"Bermúdez, Jonathan",642834,"MIA","FF","4-Seam Fastball",-6.4,-4,"60",49.6,"15","0.538","0.923","0.633",10.7,13.3,22.2,"0.323","0.451","0.385",54.5
"Duffey, Tyler",608648,"KC","FF","4-Seam Fastball",1.1,1,"53",28,"15","0.2","0.2","0.353",21.7,13.3,18.2,"0.223","0.399","0.412",50
"Díaz, Jhonathan",646242,"SEA","FF","4-Seam Fastball",0.9,0,"49",29.5,"15","0.154","0.462","0.31",12,13.3,18.2,"0.114","0.272","0.233",45.5
"Winder, Josh",680739,"MIN","FF","4-Seam Fastball",0.6,0,"41",29.1,"15","0.357","0.429","0.323",15,13.3,15.4,"0.244","0.483","0.311",46.2
"Brzykcy, Zach",694350,"WSH","FF","4-Seam Fastball",-4.2,-2,"58",55.8,"14","0.417","0.75","0.525",16,14.3,12.5,"0.407","0.615","0.478",40
"Nelson, Kyle",669459,"AZ","FF","4-Seam Fastball",1.9,1,"41",28.3,"14","0.167","0.167","0.229",9.1,14.3,11.1,"0.207","0.264","0.274",50
"Gillispie, Connor",687362,"CLE","FF","4-Seam Fastball",1.1,1,"58",42,"14","0.167","0.333","0.279",26.9,28.6,21.1,"0.222","0.47","0.352",50
"Stroman, Marcus",573186,"NYY","FF","4-Seam Fastball",-4.6,-3,"72",2.7,"14","0.625","0.875","0.671",22.7,14.3,8.7,"0.358","0.612","0.539",33.3
"Silseth, Chase",681217,"LAA","FF","4-Seam Fastball",-0.3,0,"72",43.1,"14","0.167","0.417","0.371",31.3,21.4,18.8,"0.289","0.478","0.379",44.4
"Zastryzny, Rob",642239,"MIL","FF","4-Seam Fastball",6,3,"48",40.3,"14","0","0","0.1",29,21.4,15.8,"0.084","0.164","0.191",11.1
"Hoeing, Bryan",663773,"SD","FF","4-Seam Fastball",1,0,"38",4.9,"14","0.154","0.462","0.282",22.7,14.3,10,"0.308","0.621","0.415",72.7
"Marte, Yunior",628708,"PHI","FF","4-Seam Fastball",-3.1,-2,"65",13.5,"14","0.364","0.727","0.511",11.1,21.4,14.3,"0.329","0.653","0.479",62.5
"Gilbert, Tyler",656457,"PHI","FF","4-Seam Fastball",2.1,1,"47",32.4,"14","0.083","0.083","0.164",16.7,14.3,7.4,"0.208","0.259","0.273",30
"McMillon, John",669111,"MIA","FF","4-Seam Fastball",-2.7,-2,"70",38.9,"14","0.364","0.636","0.486",18.2,7.1,7.1,"0.269","0.448","0.391",40
"Kuhl, Chad",641771,"CWS","FF","4-Seam Fastball",-1.6,-2,"98",10,"13","0.231","0.385","0.262",33.3,61.5,15.4,"0.119","0.287","0.17",40
"Gillaspie, Logan",670810,"SD","FF","4-Seam Fastball",4,3,"68",45,"13","0.167","0.167","0.138",20,23.1,16.7,"0.157","0.209","0.159",10
"Kochanowicz, Jack",686799,"LAA","FF","4-Seam Fastball",1.3,1,"52",6.1,"13","0.083","0.167","0.15",36.4,46.2,25,"0.11","0.258","0.196",50
"Contreras, Luis",664351,"HOU","FF","4-Seam Fastball",0.4,0,"49",46.7,"13","0.333","0.333","0.331",23.8,15.4,25,"0.347","0.58","0.421",90
"Bradish, Kyle",680694,"BAL","FF","4-Seam Fastball",-0.6,-1,"90",13.4,"13","0.333","0.5","0.385",25,30.8,30.8,"0.274","0.471","0.348",50
"Parsons, Wes",641149,"CLE","FF","4-Seam Fastball",-0.7,0,"55",37.2,"13","0.333","0.583","0.415",40,30.8,23.5,"0.344","0.636","0.439",50
"Bieber, Shane",669456,"CLE","FF","4-Seam Fastball",1.4,1,"69",41.6,"13","0.308","0.462","0.331",16.7,30.8,36.4,"0.253","0.337","0.256",55.6
"Peralta, Wandy",593974,"SD","FF","4-Seam Fastball",-5.9,-3,"47",7.7,"13","0.364","0.727","0.496",19,30.8,20,"0.277","0.561","0.406",42.9
"Foster, Matt",641582,"CWS","FF","4-Seam Fastball",2,1,"48",44.4,"13","0.2","0.2","0.3",14.3,15.4,20,"0.301","0.544","0.435",62.5
"McGreevy, Michael",700241,"STL","FF","4-Seam Fastball",2.3,1,"61",19.6,"12","0.083","0.25","0.133",30,41.7,17.9,"0.225","0.493","0.303",71.4
"Hernandez, Nick",663321,"HOU","FF","4-Seam Fastball",-2.7,-1,"52",37.4,"12","0.455","0.727","0.525",23.1,16.7,33.3,"0.345","0.429","0.367",33.3
"Guerrero, Luis",692285,"BOS","FF","4-Seam Fastball",3.3,2,"62",46.6,"12","0.1","0.1","0.133",35.5,41.7,33.3,"0.109","0.144","0.256",50
"McDermott, Chayce",694646,"BAL","FF","4-Seam Fastball",-0.9,0,"34",41.5,"12","0.4","0.4","0.358",19,16.7,13.3,"0.33","0.387","0.342",77.8
"Ryan, Ryder",656924,"PIT","FF","4-Seam Fastball",3.5,2,"49",14.4,"12","0","0","0.233",19.2,16.7,10.5,"0.227","0.646","0.475",100
"Dunning, Dane",641540,"TEX","FF","4-Seam Fastball",-2.4,-1,"41",2.4,"12","0.273","0.636","0.346",28,33.3,17.4,"0.197","0.541","0.284",25
"Frías, Luis",666818,"TOR","FF","4-Seam Fastball",-2.5,-2,"63",27.5,"12","0.5","0.75","0.533",30.4,25,17.6,"0.277","0.475","0.401",66.7
"Alzolay, Adbert",640470,"CHC","FF","4-Seam Fastball",1.2,1,"67",20.4,"12","0.273","0.364","0.313",21.4,16.7,9.5,"0.207","0.329","0.267",44.4
"Villalobos, Eli",681871,"MIA","FF","4-Seam Fastball",4.2,2,"38",53.5,"12","0.182","0.273","0.238",15.8,8.3,16.7,"0.268","0.575","0.384",50
"Andriese, Matt",542882,"MIA","FF","4-Seam Fastball",1,0,"37",42,"11","0.182","0.545","0.295",19,45.5,31.3,"0.193","0.553","0.306",66.7
"Bivens, Spencer",702352,"SF","FF","4-Seam Fastball",-2.8,-1,"42",5.5,"11","0.333","0.667","0.473",23.5,18.2,10.5,"0.313","0.68","0.466",28.6
"Graceffo, Gordon",700669,"STL","FF","4-Seam Fastball",-2.6,-1,"43",41,"11","0.273","0.727","0.409",16.7,9.1,12.5,"0.309","0.77","0.45",40
"Ureña, José",570632,"TEX","FF","4-Seam Fastball",-3,-3,"94",5.3,"11","0.4","0.9","0.555",20,0,0,"0.474","1.036","0.641",60
"Brogdon, Connor",641401,"LAD","FF","4-Seam Fastball",-5.8,-2,"42",43.3,"11","0.429","1.714","0.8",20,9.1,8.3,"0.457","1.45","0.752",66.7
"Carasiti, Matt",571539,"COL","FF","4-Seam Fastball",-2.8,-1,"30",17.6,"10","0.4","0.7","0.47",4.5,10,7.7,"0.423","0.791","0.511",44.4
"Mederos, Victor",682989,"LAA","FF","4-Seam Fastball",-8,-3,"35",32.7,"10","0.556","0.778","0.59",0,0,0,"0.575","0.93","0.652",77.8
"Heasley, Jonathan",669169,"BAL","FF","4-Seam Fastball",-19.2,-4,"21",19.4,"10","0.7","1.3","0.85",0,0,0,"0.467","0.962","0.606",60
"Jobe, Jackson",695549,"DET","FF","4-Seam Fastball",2.9,1,"27",56.3,"10","0.125","0.125","0.23",6.7,0,0,"0.27","0.354","0.357",25
"Selby, Colin",681882,"BAL","FF","4-Seam Fastball",0.5,0,"30",26.8,"10","0.25","0.25","0.32",9.1,0,0,"0.297","0.372","0.37",50
"Reyes, Gerardo",622103,"OAK","FF","4-Seam Fastball",-1.3,-1,"48",60.8,"10","0.286","0.429","0.425",16,10,6.3,"0.296","0.373","0.412",50
"Hurter, Brant",676428,"DET","FF","4-Seam Fastball",2.4,1,"46",7.1,"10","0","0","0.07",34.8,40,14.3,"0.179","0.287","0.257",40
"Henriquez, Edgardo",683618,"LAD","FF","4-Seam Fastball",-0.1,0,"38",64.4,"10","0.25","0.25","0.32",25,30,25,"0.1","0.152","0.225",20
"Gray, Josiah",680686,"WSH","FF","4-Seam Fastball",-3.8,-1,"38",21.6,"10","0.4","0.7","0.465",29.4,10,14.3,"0.231","0.384","0.262",66.7
"Hartlieb, Geoff",664129,"COL","FF","4-Seam Fastball",2.2,1,"40",29,"10","0.143","0.143","0.23",23.8,10,10,"0.229","0.307","0.346",28.6
"Heller, Ben",621294,"PIT","FF","4-Seam Fastball",-4.7,-1,"29",11.4,"10","0.333","0.5","0.495",10,10,7.1,"0.401","1.026","0.639",80